cookie_id,score
ck_315fb710a0e371e7,0.04423189350383065
ck_a76ee3b3e3e522fd,0.729753301303862
ck_94c9a4d382689e82,0.4425497977032193
ck_8eaf9509ad9462a0,0.04080229215411346
ck_9a88a5a989cb5bc6,0.5736721469657313
ck_15239ef0689c1a35,0.3479466221338593
ck_8de69cd219d3b87f,0.8475546949534862
ck_f92cd37022b0ce21,0.5847316517166051
ck_1a3ff7620580a514,0.11349971501116489
ck_397c03aa33a57310,0.9103653769839357
ck_a7cf6c3b322f6b7a,0.29999707201980896
ck_c39a9e75760e3201,0.30124436361723567
ck_88ab6d245228c38e,0.007879145711628198
ck_17733f75ebdea93e,0.03168353103145928
ck_58eb871e8d7bed52,0.3623388393409546
ck_e55b7fa67db1ec27,0.04565885492720044
ck_62f5cfe22c952694,0.0842934868858888
ck_7fbb709a0fe95759,0.05262601104316689
ck_87abe9cd066a20fb,0.5004675542104167
ck_d58e058b5c553dd5,0.5228098404566457
ck_d27b872648b71202,0.09299241769040083
ck_4b4a3c5b95c55b43,0.14751057477754786
ck_66dd4f4b4127256d,0.09167704950628708
ck_93cc12703b500613,0.6360044359276515
ck_d28806a2179092eb,0.9988943035714962
ck_0595c2a0c7881e05,0.6918413850126227
ck_50087d8666191144,0.9333298856584689
ck_b08b3f089138c901,0.4514458591542837
ck_fe3b67041dad2dd1,0.2157513541591795
ck_8449a28f7d475d93,0.6764229542388048
ck_8642e3b6d84f49d3,0.794170002033658
ck_e49b5e4f2f2e79db,0.9002311057537173
ck_437afe412ea4259c,0.6700566136328261
ck_569b83668d74042d,0.9520449176244314
ck_233a487d31c3e631,0.988866886400921
ck_1fca72e03143a645,0.9695497235590684
ck_79205e31223df2ad,0.5425817907349335
ck_9625a64406ea16e3,0.3883676454337732
ck_079bd18dacb704a8,0.7464042838522714
ck_4db6d4fd2b49aa81,0.5182361617464212
ck_0dbefdac0a1868fb,0.1182518384473997
ck_24ff97ad90bdd69a,0.6991186158573744
ck_77f8c5042065d506,0.34715561387070937
ck_f11be8ce05382cec,0.2218323959795047
ck_c9d72140b0389216,0.5459240170274552
ck_69eda24e931fb36a,0.04408736132811984
ck_ed471e496916ee15,0.25084066489924833
ck_ff090498c4b17ac3,0.2969831743585876
ck_c3c19d6a0720915c,0.007404266722778793
ck_af02e1817cfa40b5,0.2892778244593266
ck_2df5a9fc87553eb1,0.16788000701808262
ck_4ac918e884cff336,0.8364142114429898
ck_ca149244b54ef3ad,0.10450667440063532
ck_6babe5b8674ff51f,0.4854976403185054
ck_1573878386886290,0.2783291553428779
ck_3925f8565abb7fe4,0.2646540860646389
ck_c4de808ae69c771f,0.24769425388737681
ck_a777c813551281fe,0.22782181036994392
ck_df4424f6dd85080d,0.8265644459165193
ck_85e5494ec20383ae,0.6085669577910526
ck_f71a4094e889c3af,0.24821014454003446
ck_f2f3cf9cd23b2809,0.760154096812679
ck_18e2076397bcc211,0.7527645699127351
ck_c9f9fddef39bc664,0.7173245145321305
ck_7e826e233d6ea028,0.1812642097720752
ck_62fd7eb46bee9210,0.39894153225956475
ck_206f8e3cd72768f3,0.6068836549437023
ck_aa295a11b0a6ab36,0.26349961151995654
ck_9a56739d81f84a53,0.06467343869472923
ck_aa075c418ed9fe5a,0.4299545850305382
ck_62b9fb3db284941b,0.1773236729583267
ck_f4f83b1403ebea46,0.3044561302180199
ck_16b66bd803288bc3,0.9109611470393275
ck_c4ca1434f3778f1d,0.9944334432004605
ck_1b823610371a29c0,0.4903679338235082
ck_c2bd5a722aa637d9,0.4248436990153091
ck_7890208951df34f0,0.6261974842378142
ck_020eb0e454524ecd,0.029069372135965988
ck_3b66196ccf436c35,0.34798658922967385
ck_109fc467ec0a4af5,0.7233442371272196
ck_f3dcd818db92de7b,0.7031364916080218
ck_31e7742f160980ef,0.8288926934763926
ck_77fce5f86f00b8f4,0.9067727735469792
ck_46bc797b4d07d607,0.03572162407756481
ck_37899b1b571b1c6b,0.486993777685451
ck_ef8a6af43fedd464,0.20962771451123496
ck_bcc8519fe8521038,0.5161223251217705
ck_90696b7182dd9129,0.31941989929844655
ck_4a24ad61d017e1ba,0.8594625456179642
ck_0acc3d8c67218b9d,0.20546377520996076
ck_05c97fc9de11aba6,0.9036811049308318
ck_f8ac3a0500c0ec62,0.4226041418785338
ck_617b65141f546a1c,0.1939595191429485
ck_9d00823bf60388d7,0.8406513630515164
ck_123c15d93f1840f2,0.7826732061440327
ck_573feefba6bf78bb,0.735990155831948
ck_b25657bd16739036,0.2157405604340517
ck_bd26d2bef14a8597,0.5166817324269971
ck_a553418f2fba1440,0.3084682576981354
ck_89f3e380b0686963,0.13964103316818915
ck_b359192aa659bdce,0.18618529957509486
ck_02241f3dc301bebf,0.24033775618985734
ck_5ccc1a1c78cb33ee,0.773745124581463
ck_349cc5edda1b8853,0.7908882664073923
ck_e9f228845bf6e28b,0.7723271547103965
ck_0a45d033d4e280ea,0.8063730618610421
ck_7e63168dda612235,0.19850411474845586
ck_676fa5f6aae5475b,0.2703371558149863
ck_74b502b20690ccfe,0.17450944640949298
ck_073509af21dd7f5f,0.9526146318478634
ck_498a0acd450944d8,0.3912158200099809
ck_7f15b50b29dead01,0.6359550452615067
ck_8089fe7403c5f537,0.5816834997530266
ck_05b2b04e11d9ae9c,0.7727669863149831
ck_31e70f2f04b48b88,0.024178068253599493
ck_994316fa5a02b319,0.2046258264805316
ck_b76510998b9a2260,0.5393891065956443
ck_4db95c310e105d30,0.10684360723782849
ck_6f730b77dc6cdb84,0.3682875483425687
ck_2493ee8e7b91d304,0.6661851624966838
ck_92d679d6ac7dcdcb,0.8575777694854015
ck_3a0e0200cbb185cb,0.2275576122276236
ck_0b2eeb4e00ff7955,0.8091100397389465
ck_9843d0e61c37ebe8,0.999118715149941
ck_e61c8721e3ef1921,0.23942910014193639
ck_2e0eedaaf2980c2c,0.2684555326982253
ck_9036b2e5e9298a34,0.22821619740609286
ck_3265442528d51728,0.3589823600325204
ck_f2ddae2eb1cb29b4,0.3029835082171987
ck_6cfa71d27fc27f92,0.46523374677171153
ck_f3199fbe84a28b9a,0.809899210352197
ck_b78d785ca3ef773a,0.22988121087385374
ck_374865697f1480eb,0.4253579680270812
ck_06d0e4a9189302a9,0.6485738990433563
ck_9c9884b9bcaa552e,0.8252006058912102
ck_fd4cf578e87703ff,0.6573790713575453
ck_1917ef3e6e345549,0.8352016609548426
ck_e70418b00cbbbac9,0.9130549823775337
ck_a60388296a47062c,0.7951226970181446
ck_d598fe8d2c779ab9,0.22199096516211453
ck_646dc03de4c31803,0.9681648731563957
ck_e4fd8cbd842b6993,0.07440463761147892
ck_2225b555aa2a42ed,0.48818439897128485
ck_6be8ae9d78148882,0.19352705744977933
ck_4199342d3aca74e8,0.8188338687442787
ck_779581adb573261f,0.3850396366800898
ck_bb303568b6915205,0.938683040613705
ck_17c4296276448afe,0.35805914469370353
ck_a60a61ac829252a0,0.2892305777180641
ck_6ea70950c1cae00b,0.9528858033606485
ck_1abb93f6924645e1,0.682484481579608
ck_faab769cce19879a,0.8744186385119901
ck_d5b8e74e7ca6355a,0.5339147542988827
ck_f11f7691af16ad07,0.0849056184050011
ck_188fdf2be7c92e9d,0.996786431226391
ck_4a103f8254b366f7,0.3726661145880792
ck_bfa17a0b1760e616,0.15556202040370165
ck_a4d7f6a5869d440a,0.9784113501758366
ck_58e20f5a3e7f11b8,0.9751553641065474
ck_4becdd3d2696c7ba,0.5910357897494728
ck_dad5cf32ab9f243f,0.15701420910005104
ck_7d9f73dc7c4f90c3,0.7946531697588745
ck_c19371047a2d011d,0.17995621149937893
ck_247589ff532f7aa8,0.060371544047256157
ck_7a9f241d5f082567,0.2075712510141131
ck_0a2b7078736b4dda,0.13443531191837738
ck_687b412e2aac7eb6,0.48595453620274864
ck_fce0b6855886a0b8,0.7720666866567697
ck_e291cc60920456d0,0.9185520569585142
ck_04219a7ea798db51,0.525469047379624
ck_286bfd719836e9f3,0.8513272744913691
ck_55efc92394fee232,0.1843882950406806
ck_e36c8da1bd359960,0.8084876013016287
ck_34b0988a97d96902,0.335487130616525
ck_e0fb11fc9dcb34e6,0.3248493840996623
ck_bcc9cbc9ed8b7c31,0.4465712230106211
ck_3df8da6f60a89a5b,0.39698345355377995
ck_b1495ee5c59a6b28,0.5006635855000804
ck_58f4c3ac61fda129,0.6344071927715946
ck_735f244b99e3aa8d,0.3942914334373909
ck_6b93bd8abf87b1d6,0.9227360878122024
ck_12107dacc6d05bd1,0.07197014854192872
ck_f96db2a1f3448d1f,0.662468028170461
ck_8fd91a3c99e19097,0.39844203854770216
ck_910205d25388a0ae,0.16152590124617808
ck_d229dfa0e4442628,0.2857785603591112
ck_7cdec61e1c488798,0.8889193314196143
ck_f66f06e24ff32671,0.7277489494706594
ck_350bf14e90b503f5,0.3667427586024887
ck_61fff5fdaadd394b,0.2512831272356398
ck_e934f984bad2ff91,0.9462429395123055
ck_ff6a6d3547dd2d37,0.34866377006271565
ck_65ad9b15979e3247,0.161186653146706
ck_bbe1a2ea5a403ad8,0.8065079899344835
ck_6f3a28eecd2c4031,0.4954739549160805
ck_a89b66665714058f,0.1823252547140468
ck_918c92182b6817cd,0.43168421579420135
ck_64f5eb4be9e7b8fa,0.9107447179222665
ck_d021fd497ea35fb2,0.6766915852857547
ck_004de16f7d8a42ae,0.634064917399365
ck_a33d2325f86ab12d,0.3049849230436133
ck_89790ff26c844bc6,0.1678756643794227
ck_e6e7257377c37b28,0.8974336372095569
ck_a2cc3910a641a808,0.9512768476545141
ck_646e270e0195bf05,0.5528023021883846
ck_baba5d66def0d770,0.8510220646852406
ck_67cdcdda3033842d,0.37710789249762
ck_b5c3075c811a2216,0.6593473667155659
ck_515379973a8044b8,0.2524169879439112
ck_c0ce85fb4109567d,0.6247370970710673
ck_fef850553862aaca,0.20707869519564073
ck_55d7217b0aff9fa2,0.33077418119419927
ck_8e139f8925ef7968,0.44584184024769036
ck_9e35b908fca1e4d7,0.05883268310964713
ck_59735f4ab2ad3da5,0.3516671802737924
ck_dc569c1167ccec0d,0.9453235800052263
ck_1dade5592f90a15c,0.7732866070563342
ck_793048d11fb8b328,0.90720755969697
ck_545b71eb4fa594b5,0.19428775750827917
ck_bd30853e9a57b544,0.6576225653974851
ck_59f46321ecf6d306,0.48464504203221087
ck_260cfe9141d249f1,0.8869219529568766
ck_3365a0ad1a8aa83c,0.3226669840814022
ck_b0ef193195a2138b,0.20240574834620403
ck_0f909705e2e60f2f,0.059037399676630686
ck_5a540b75c866166a,0.4742754397553756
ck_87c26b2f41025109,0.9878353211046194
ck_27acc9f320cda104,0.8408049770455001
ck_a27bc31eecd9cb9a,0.6075138598333903
ck_115d86fabde77b65,0.032730448700562347
ck_eeca179341d56f8a,0.9349748978397852
ck_8e5999c436cf037e,0.08786104358180488
ck_510e7c5df1f95d90,0.9967820885877311
ck_f1acf73363925958,0.1287104019452417
ck_3c177f5970b68bd3,0.4469291570306353
ck_9cdfaa1c30cc9d32,0.016509999929453158
ck_c8efa1538b37c359,0.5601144546743548
ck_a8a2e296f9804bd7,0.3640781999499313
ck_91a0ca45f429568d,0.5504562875329186
ck_5fdf8a0bdbd3ed62,0.6009504788468287
ck_0f4e2ec66d50da5f,0.14044836741798505
ck_28c53b214b2ee882,0.8779838707510846
ck_003148504557f720,0.8407194396382036
ck_01d840cffb870615,0.9494054057129145
ck_555848d51f4b5f35,0.6849019063695015
ck_df20cc23b8fb8e22,0.5776472443568202
ck_f9604adde929beff,0.3762336712839953
ck_d66952b03591bdec,0.20677510703039778
ck_ddcac1ab765ff61a,0.8449539605149257
ck_347386629d96c664,0.607093020424329
ck_ab01db9117acfe3d,0.45943773293913126
ck_58e5359efc52e0ad,0.19831905771585912
ck_1a524b5cc8da71b3,0.8882847838912664
ck_e9287b6d909d731f,0.6467382073019554
ck_bb41a66e3d90263b,0.8953902016284149
ck_e95c8cc1864bd584,0.12078691102206447
ck_7a3f2961e9a8b6dc,0.2449813136595937
ck_378a9df82b1e0bee,0.9225681305363367
ck_42633573639a3f02,0.9542943851384594
ck_2a5a4c18c2c7274b,0.39809875408455336
ck_77549c1a41f837c3,0.6182598660417684
ck_a26704b5b26258b7,0.5598152091477719
ck_9874ad160efddf50,0.38910601974900694
ck_9111e3a04b14dfba,0.8142701906772765
ck_651e076ee43aea85,0.2024575537351401
ck_391639c0f13932f3,0.08966006629805748
ck_02dbabda93c8c13d,0.2474191362768846
ck_0adcb1fffcb0a34b,0.47548000778213884
ck_7a43ef9c7b1c67b5,0.09700616681140188
ck_4b9dd69946438d0b,0.08165064142663109
ck_90bf017cdd37b66e,0.7205964655241875
ck_61c74163eb36556e,0.5148533203310441
ck_13376c59b5bd6943,0.021630058028924475
ck_62337eccb1672737,0.865066474258588
ck_16077934338472bf,0.15332738297847825
ck_0d4dfd93086e7330,0.23859264731034874
ck_3865b7525b910893,0.7100394269690389
ck_7e2ae8b69ebd5675,0.45445290918808445
ck_b4384b6c11766ce7,0.42360267797241113
ck_3d7fa32dfb9fc692,0.7752511723256614
ck_f4a6a7cadd6e0603,0.6760189631003863
ck_212525e2828a6c45,0.29808422187344835
ck_33ad8d53394ba77a,0.8762890713626705
ck_a5051eafe8b51224,0.31917518015857393
ck_f65e5ff7da565f91,0.5909700376196073
ck_5c37f7563fa7591d,0.7718566183602069
ck_f1e0a006068aff29,0.7607171439406296
ck_c646cdead6fb79d0,0.29284712853917233
ck_f8b3cdffef535330,0.8770171387596988
ck_e5cdbe3aa12c97f6,0.0412971724294074
ck_986e4e61440506d0,0.7388525834240685
ck_6da9c5912e15d9a8,0.4091951083925145
ck_51d842e6dae74c71,0.6001115210264804
ck_5fc65c24e0736d5d,0.9584643789852487
ck_babb95a76c69509d,0.7264268239250945
ck_86a2d852a9715432,0.364631030425646
ck_db4083a0d043def8,0.6830596377985887
ck_96953b8945b7d403,0.2785733521987537
ck_7831ca5c31fb3859,0.7439821198827652
ck_60ac5e5f375daa38,0.4202986166028794
ck_05d44eb1f5f085ce,0.7600045191823723
ck_432cc19c7eeaa46e,0.6340646111243817
ck_7fc513033af061af,0.9167514126013759
ck_ada6ede84c111719,0.5811419852864366
ck_6343e0d3b1c2962b,0.7551262432159856
ck_010264ae04f2e902,0.9342091523266894
ck_e9dcf535f8c289eb,0.6272309774499847
ck_37143d9cc296e6fa,0.18398451991127582
ck_61fa051192f3e810,0.4009191254448717
ck_f9f93d1d41be1468,0.9468400249335998
ck_c4f4f28457be8a74,0.011645058154029511
ck_323a71f9452d21cb,0.9516461879496226
ck_170f4688e0acd875,0.7936379659262933
ck_869b1878d09d230d,0.8852585611300012
ck_2f6b33bf46976229,0.39166008451919704
ck_b11e22e75d9b99de,0.005031583685386934
ck_123d75ffb75b606d,0.2663619133690328
ck_94295287a04c85d2,0.8307865514272279
ck_1b0434f096795328,0.12232840269147828
ck_0a4e191cd0a57ce1,0.37876128368127304
ck_d2fbd0df99634676,0.5851564372233736
ck_d51df5e9fbbbcc94,0.65640356382287
ck_2d3d7d64a6f443f8,0.34783884924926634
ck_731943c682c9394e,0.3611066841073157
ck_5ccc0c94e5e1f849,0.826043113268313
ck_c3476080516db25d,0.4812545244304331
ck_5010ffb1c94187b5,0.22498253708006977
ck_7ef666d67bc70223,0.34973897775463036
ck_c1b493527224a27a,0.169232531034267
ck_5d1e25d7acc5af9a,0.7324616828839715
ck_ec30b61cbf517db8,0.16287347007373615
ck_79323eb5d2e5efae,0.13939245819657892
ck_4085cd3bf2661518,0.4136077677202635
ck_2ca91214c357c072,0.9185059998401099
ck_7f3132d6be389657,0.7489539157178321
ck_e7a6b925c8f39a85,0.40875677268576927
ck_c886adec7bac250a,0.43235573862268084
ck_c3f360c2d0ea0a37,0.4394307578892098
ck_a7acd5b015823793,0.7089196935336359
ck_9d64187c0800f84e,0.7323935160313149
ck_5d4ed73b9efd7d11,0.38740222880828984
ck_874eca6776b34dec,0.24530349747940922
ck_96a9221a87be93c3,0.7289552294042778
ck_68dd79a51eabf5e6,0.8375382875170525
ck_8311cb6755b2016c,0.24178524118366848
ck_16fc77b2bcf5ec03,0.9548193576093897
ck_ad9e2088a33c8c72,0.015495805187791239
ck_7176bbc97b1e42a1,0.23760634605054567
ck_80dfa54b30f65fff,0.980722929997006
ck_31c54d540b128843,0.2821045461445046
ck_43ea894480567274,0.8732952652538633
ck_9c9e8a38bd5a6c88,0.8197319115990109
ck_1c2dcae19539e148,0.8790248241406421
ck_b0fa8b84e94d8ae0,0.42624631651357436
ck_4ceb43ccd0a81c2f,0.18968600478425668
ck_ba845332b730b596,0.48041271986926637
ck_73d3e8c6077f61e6,0.888091473599377
ck_b5d0d223ef56473f,0.7684339903809544
ck_949f08f8e80e93ea,0.2505952429434397
ck_73de0b49709e5f8c,0.01985546950374591
ck_b5935e9722a39819,0.6120778441753758
ck_96247fee0eb44420,0.24936865544839357
ck_a6def1e4b2d57e0d,0.8240996486423191
ck_aecdc5a96321a2d8,0.6215645399612665
ck_bc61c59970f8de49,0.6518809876856455
ck_c43b4175fc9ac5bd,0.9427134574734098
ck_8ff7a9b23a55fd62,0.39045270522868986
ck_20c99b645f462449,0.09395428475912984
ck_a5ce2ae36fb410d9,0.10728879057199428
ck_96fb9bf556842bbc,0.5343648025557053
ck_b5e4c6dbbed1b773,0.6152489956533046
ck_2085433978e72ea9,0.9344649714666731
ck_2c6b174b063ec637,0.3942810362532159
ck_b20b81b88dabe28d,0.3826531326448125
ck_243c18dbf150831c,0.20913778942456737
ck_2bb6a17e8eee35cc,0.7940892038059743
ck_66147fb994495396,0.5562589684609804
ck_73f124f075ede0fc,0.43424143358019307
ck_2e315f1b1e533dab,0.2963299409096975
ck_16c7bf94ed3e7a6f,0.046910489163287064
ck_4a0eae220a762ac5,0.623611705631102
ck_dc16f939c2f44ad8,0.8662777093808327
ck_817926b449754917,0.3035902880067319
ck_0c0dde42ab64ef87,0.43109572538425756
ck_cb3a40594da6a2ee,0.8675109639713604
ck_d0dc156441fcfdcb,0.5285066764159834
ck_66f0945add423e9e,0.33159234464619747
ck_a74f6a3030f5d495,0.7210023491014003
ck_1ae460f331e49ae2,0.6651236855366849
ck_2d177b2f4f0b40c9,0.936686364966903
ck_92e474e4368c4791,0.3220056779051586
ck_3dee83fa2d109484,0.062248337718434896
ck_80e5ea27848069fe,0.3718068492063032
ck_ed0c4a83701ca230,0.7214166471580241
ck_0b8b7c5c581fd161,0.040773299315365844
ck_60bf8a2870956fb1,0.5101702374394308
ck_73a54b56a2bf35fe,0.9579774811713386
ck_2296d7a563424883,0.400280541552847
ck_bc19c383560c7477,0.4959148858775559
ck_861d8e3d88f1079e,0.4230209449239184
ck_3f090fc96c24eb28,0.21950476096959784
ck_9a6a1f8102febfca,0.6273945920871904
ck_541b6ad5d2fa5a39,0.2728782281462711
ck_a760d38d1bc4de97,0.21585307249825733
ck_7dca4d7ee10b4eeb,0.11695313800198974
ck_15220e78d1545e40,0.7196450859056032
ck_ca24bb0de508efb0,0.19945466580806023
ck_56b389627d8f02c5,0.9054991198426097
ck_48a6754977a44db0,0.3846441502870521
ck_333a43ec339a04cb,0.6653827479584397
ck_f22aacaf86a65d7e,0.5570137042399348
ck_04bd8a1ffaf3ffd8,0.11214535334508127
ck_2737a72de6b700f3,0.591915849499599
ck_c35e03b0dd0c3454,0.7590370843750505
ck_e0571312f395cd94,0.6844797515945378
ck_09fab6b9825001b2,0.2410885458711045
ck_18c3a095606209e8,0.5244469604425477
ck_2a97db9377d01e36,0.10364166074832737
ck_f29dbbfdd2786bd1,0.45148099680451603
ck_35d6c510ad29362e,0.8305594188510086
ck_5468fa99c945d785,0.4941139352454345
ck_6f8102f62c876cc9,0.7192203003988346
ck_91955aab3424ad16,0.34061131534564265
ck_9a43c0c73a39d759,0.5952119284077467
ck_60b023af6d1e30bf,0.9688567938122724
ck_9704c5cf8659cedc,0.5557758007357639
ck_7e5f02b51b9f78bf,0.6030447107259876
ck_7d3a88d1aa649708,0.9367221151671019
ck_8250eddc1ecb07a0,0.6780810846020706
ck_d979ef95ee44023d,0.6872251987407484
ck_5e5461dac83531ac,0.8683976005509985
ck_d1bb8890081e0a31,0.11307664141125157
ck_32246c62640648d9,0.10234506875072533
ck_77a40c7d2f862a32,0.7450277221859658
ck_1c8b94efe9238f5b,0.03713919740767874
ck_eaf3b6d11bc3cb11,0.1330073414040884
ck_a4a7ef3ad799c380,0.20301625822443073
ck_d5bd8f68da073cd8,0.3612105108942014
ck_6e6258227fc8db7f,0.17400526830691276
ck_c35d444e05799db6,0.7701521246035539
ck_74665e1209140ae8,0.37082042220345607
ck_353a272478f7e903,0.23095488719085241
ck_a2c9796ea229a4e2,0.0573506730155701
ck_e0171f91cb3411fe,0.6662903949154414
ck_703499f5410280f7,0.01789555314806192
ck_ae3a763997f8f385,0.7516795775866119
ck_f7ff94c3df5ac874,0.5284078950836935
ck_f3c16d8f747db046,0.6855822047412704
ck_7ef019ed77276496,0.09834000490704417
ck_d6a4faadab58a3de,0.38928568957495
ck_ba7b78d31d74c794,0.5339700189786035
ck_36287d063350ce9d,0.33561398596261294
ck_5177fc7137ff26ce,0.2951893776288701
ck_dfd4e79aaa967b63,0.3200532217268617
ck_fb44d15fb93a7157,0.7170296116442073
ck_fca478361870a4ca,0.7269134154640213
ck_e57b94fe57341058,0.25927456900246
ck_5448c946cc4758fe,0.4783572654630637
ck_c5ece5ffb8800ad4,0.32428422852390376
ck_11cb98211b2ed134,0.9810214727076532
ck_f655399ac75c4450,0.7418491105306501
ck_c817259019588d30,0.31483319267224225
ck_8740a14d8096c6e1,0.6521997476917507
ck_0c5ba86f4e05b38d,0.5405368237788756
ck_ccc917533d4b73d4,0.5608920384805721
ck_9eb80edfa43203de,0.3538992772331806
ck_d1a1cf4cf61d6801,0.8371806597720215
ck_b17c239f160e6017,0.4557079672378814
ck_410c3e13b48e0415,0.12634245808746253
ck_ab553954435e8854,0.97298204590656
ck_bdbb4230c91e1604,0.4093745622094439
ck_8fd4937eadd64fb6,0.346104443828916
ck_e0e90b196bef3c11,0.15719137393723343
ck_3dc4d464386f0eb2,0.6886986138234752
ck_51bbbf8f8e8ad005,0.9965620196479461
ck_c05737ab74cf03c6,0.9026735772846514
ck_dceabbe04d99afc2,0.00833564505491866
ck_5b86fd14e85bc9c7,0.9126833176256035
ck_d4febf0083800424,0.4815899166981676
ck_77d9f86dcf251739,0.658149159509301
ck_b4dcebc543deaafb,0.5071419513633425
ck_cb856e75c949b0cc,0.007789968481607839
ck_61b067de8ffc1ca1,0.8666020016484561
ck_c0e8560ccfd9dd9d,0.4863502386048
ck_173e1198c341087b,0.24474913562877854
ck_b4d55bc809000276,0.6601021024945202
ck_839bf139296b5cea,0.5579778054995158
ck_78cd402a2a4f2e35,0.2321249301173498
ck_c2925c50ebacbdba,0.27634502080513346
ck_5e3bc76eddbdb0a6,0.268591073321633
ck_b7793edca26fc512,0.4269177490760843
ck_d79bdf04d6f31cd5,0.41458046399119486
ck_4b97d19ed946f503,0.3519894543595775
ck_37139b41c5370523,0.8579554887828467
ck_8c346eeefa9ce692,0.2689489170756777
ck_2ab7eddee2d8c49e,0.13871448428163158
ck_29da59ea3bffb9d8,0.9227457821804415
ck_c1d05ef0ec6e4be7,0.3402138107707666
ck_3882423b449f6291,0.9616278542767768
ck_5647030283171ed5,0.9763742754151928
ck_efbdcd9c181e72ca,0.7377209214295745
ck_192fdad892782daf,0.8998433858130499
ck_0bf2e13b9f2601ac,0.5753360610766036
ck_3d6046a533057795,0.6166077902240177
ck_279a1d3a3836e5cc,0.31025780205516257
ck_c375e929becde422,0.23171023551977316
ck_a59e90219939a1f0,0.6039038858417941
ck_4e9fba1ec54c3ff8,0.7507448657067313
ck_bcbd8588a13f5eef,0.03540540453729479
ck_5f9a7ff990341bdd,0.16730503133104097
ck_e0403d507519b7d2,0.1530313807336664
ck_c9490cb61aff5112,0.4714432301019357
ck_41dd44308e6a665a,0.8554384895787577
ck_76c23726cd7ca947,0.45178137716506234
ck_9be551300209fa83,0.1720181967623804
ck_a98848eec6c9581e,0.4717527825467242
ck_61176dafb33b2d8a,0.9568457289108753
ck_92de019e05971ce3,0.38149076590471587
ck_5d644224135d7c65,0.4964294611643112
ck_c767fc454fa215d0,0.4260916031627022
ck_5df85a8924e11f27,0.9253929702783591
ck_da2729307af06ed5,0.6423641997041185
ck_7c6b577174af7a78,0.6406616338633341
ck_893b8afbe11301e1,0.09672661629628018
ck_e06f6fed020ae014,0.12868202165646048
ck_386680372fb54857,0.20678247694181526
ck_7a7f3c4fe0c9d2ca,0.21039648729708826
ck_f908b527c4db422d,0.7774589253599452
ck_ec2eee6a133e9a6f,0.8010381962853953
ck_d98934f9fe0b02b3,0.11837382887083077
ck_398a1ed77b0130e5,0.5768247382661621
ck_d960af7a55b892b1,0.2688098268955156
ck_4637e54a9f79e2e7,0.08057433437782763
ck_02b9f418524f6650,0.40691068376019335
ck_d4b23804cebb045d,0.39074730184162976
ck_35b1939c48182a9a,0.6443067455051628
ck_2dcbb71e39d64305,0.6548817671649174
ck_47a884dec960ff2d,0.6159510974843427
ck_71fd8c346fde5cca,0.8955244268859203
ck_98e1992ac8e7d2de,0.7745335021128082
ck_ae7780327e210522,0.49516681719408306
ck_e6c584b4b1ad6d9d,0.6075467987698452
ck_344b2e326a6c3dcc,0.1390814098539489
ck_9aa899a5230b0963,0.5257092078718231
ck_e48d14d5b70ef5aa,0.575921127672837
ck_59d380a0973b3951,0.4012953488444753
ck_11318f7c041a5ba9,0.13230006837541022
ck_7061786fe2f22f5a,0.6571366766744942
ck_e77529651c416cf7,0.20734907362652022
ck_7f79878197340435,0.40559390994420763
ck_b0a0fb0ee9ebf106,0.35037970557153747
ck_70c7679199776a90,0.7970312045258454
ck_b9facd2210daca5c,0.5240755116996314
ck_9949f53c155b8dde,0.3002517015369343
ck_1c607e24f2c4397a,0.8377305887180226
ck_aefd1ce3ce093cbd,0.12738442056793925
ck_5a29b7018e43280c,0.16025102244187575
ck_69eb0b2ccfbe5f95,0.7879351656874101
ck_fe037765aa465c58,0.47883477518371786
ck_5e512ef5362a3dd6,0.1482836902020611
ck_544a9e80b7fdc279,0.24488840634087977
ck_7825494e654d5695,0.44132461584004506
ck_f1f2c3c623553f0d,0.019354228407953665
ck_52730906e5b461eb,0.980621733941925
ck_01e0689157fe9617,0.8108692758913236
ck_9da82e567074da9d,0.8734575645251665
ck_6a17384072f904c0,0.455980760391552
ck_8d84d771a21942a7,0.3296551505747324
ck_39638880292782a7,0.38631464122743614
ck_7d51c86e0eec72ac,0.7098103664769507
ck_45f4c821c70d134f,0.9562780328692815
ck_0af3c13ba56ce57c,0.1063460059647602
ck_0789a05e061b2784,0.9144879080804489
ck_6ba091eb42ffa9fb,0.8465290939367301
ck_265accb3c5c32620,0.7636599377424064
ck_179039559ff7566c,0.4766521591564442
ck_17c0a6a92b5765cf,0.5500997591447764
ck_59371c9140239fd7,0.579641505280831
ck_f9c4f8b4ce2691f0,0.46509851242328704
ck_a2637e4872cf4811,0.8904087114251089
ck_1de43fd6c6c22a5f,0.7222694614533323
ck_6e4f31bd108571f0,0.13384550614253118
ck_da06d97db0b18851,0.1181953841448205
ck_e0346d5081e640e8,0.579041482852749
ck_c1c7d4e62c9fcded,0.930061880764119
ck_2595669e421299f6,0.8718232558030086
ck_3b6057d51fd4c7d6,0.1553439696457551
ck_c5f8ab515840a0fe,0.5643605075692152
ck_435cb24538c6f77c,0.6687740941191975
ck_d84b5403da4cea7b,0.7641431054676229
ck_c2b61a98d1c8f6dd,0.9598445804742785
ck_c9dcd92b2f836b61,0.79076303270219
ck_9eb5b3f5f672c2b1,0.15221988437714967
ck_e4cf189a8d31649a,0.2788646507410273
ck_6b114f2a48152b96,0.06077027372206502
ck_3fb95862b70f505c,0.8188279044647332
ck_7f780f465c29398e,0.6100248044919643
ck_ee387f9da79e67ea,0.6756208459755441
ck_fa3b1e85d27af2ee,0.5147193110825524
ck_e739eaaa7a1822f2,0.8575680751171625
ck_dfa0ac11fcb1dabd,0.02486634908675233
ck_6e8751b571ea54d1,0.6419804258611582
ck_2d695f8358383092,0.5483732459198404
ck_e7dce27edb700f27,0.5296334734878205
ck_e322da8b213eab52,0.3879575997498397
ck_d0b32e039abb8200,0.31722355253925705
ck_b354003302b272ca,0.3835567432381376
ck_f7485cba392bc294,0.9163971184040856
ck_d6a290ff8362c7b9,0.8336451231876106
ck_c56a44fe315c0389,0.26075920982834183
ck_f77dfe6512eae322,0.5901507748107203
ck_35fe969c58b9e70b,0.8287584682188872
ck_4c518637db2322d5,0.7621695486459925
ck_cb61902798ecc4fd,0.6876146305882709
ck_56e6cfa32156a916,0.6039038858417941
ck_343e6ed2b9d35c01,0.06251920295623671
ck_51440f64f7250ad7,0.44990164648709563
ck_295bca29c34cfe2e,0.45743720146059175
ck_dd30558576b45e7b,0.635841524106382
ck_3a30132a57181fe3,0.6145783916497748
ck_4a733aeb833406f4,0.22039705555379827
ck_1b0b7c3d35ab1259,0.719579946325704
ck_962c3bbf27cd4b80,0.9096170020254798
ck_9528e1d6b1707870,0.13832040352046585
ck_b3263e7f31aab45f,0.8063413480245201
ck_e69195a3c885053d,0.037354617433820535
ck_a907fa8795cd4baf,0.0930857215500675
ck_205c3405045bd835,0.37116037311886413
ck_e81fc223bed3c46a,0.8031424288077764
ck_363751deae40edfb,0.8741668557356833
ck_6176baea8cbebbb6,0.21156209731895614
ck_633e6579f5c74a5c,0.9314290543371688
ck_ddc11fc481eef58d,0.8648160068481834
ck_e975002c979e12c7,0.8432354297513734
ck_8e039b23acaaac00,0.649776142613298
ck_1d6990d94a4d2ad6,0.32486495248147734
ck_e7b583acaa3171a2,0.5372233743160879
ck_c0133f60d39b2fb5,0.6777101226660766
ck_7d6bff85e7a694bc,0.14722273552605902
ck_d305b4d82f63f647,0.3367341159389685
ck_22bd0fc71f95e048,0.65565589168035
ck_9a65fcfc7916f93f,0.00959899184108271
ck_d61c837b0106085a,0.6182667491462635
ck_be86a1db08dea456,0.5601434475131025
ck_90489c405e6886d8,0.4038935428172008
ck_0add2c321d579d75,0.8419459642617277
ck_482dea6eed92cbbc,0.6601802699903991
ck_c24b47184534cc2c,0.9884594714487922
ck_fa04ac31e596e7d6,0.8445868544106692
ck_084322dc5a3a86f0,0.4088633204704294
ck_ccb72a33cc1877b7,0.222270209402253
ck_afaf374009d3b248,0.2707107839598597
ck_b53084ffede19a8e,0.051074122189578054
ck_4760216154c8cac2,0.9687826626800702
ck_37ad3a65db673e70,0.09778766123825182
ck_0c2932cc0d553694,0.7793581350403596
ck_86b853c52f20fef5,0.1482566252791823
ck_38703b7546d35a80,0.5151354113120011
ck_218b7e6e6dbd2da0,0.2873092583033972
ck_402db4184982fdf5,0.7336588809993173
ck_f917c82af80e4a79,0.8251568732296276
ck_3c6417a233c68c73,0.4981454869391026
ck_98068c397d70dd3a,0.9122444951119361
ck_b1cbd6679c0f8d95,0.1016139740809395
ck_9e962f9bb0e7bac2,0.38388546841039056
ck_b08247c3ad567d92,0.8283363134439234
ck_3ef7a03ebb81cfe3,0.02622382829156309
ck_5d7ae0e3562e99bf,0.6550951690092209
ck_c91a628236baf91b,0.9201553546600862
ck_7f8e816ca51755e3,0.9412026705495988
ck_5aadd286d188f5c3,0.20287992451911746
ck_a037aff5f8128c73,0.36152734298443784
ck_5df6529ce8290906,0.35231808926586095
ck_5f3609511443e5a8,0.31086286993784057
ck_a6f61864fac3c8fb,0.33563780760372053
ck_2733fc6ba23ae46e,0.7354494344472636
ck_22bfb9246646eb41,0.9809964259666126
ck_bfc2a57d8fd1610c,0.9035919277008113
ck_49839e761d0e74e9,0.3772348381096774
ck_aa4ba931dd37481d,0.10000027919519233
ck_2f9fa0d61829f815,0.46491590559055596
ck_5b82c774df10d49b,0.03452574132812142
ck_411219470d0a195c,0.49047013896950836
ck_d07485ba10514a2d,0.9208579787751212
ck_219bef979ee21bdf,0.15406597330272565
ck_eb1006e7285184a6,0.6429304901138402
ck_fd242b18575e3063,0.7390944558231225
ck_95188150ff059c70,0.5061932927425324
ck_a9ca2f447b984a6a,0.6255193845798227
ck_2dd39723c4088b64,0.9150005554513354
ck_aa2b4c662ff213b6,0.6658826736883297
ck_1867b1199c864db5,0.4202220707478861
ck_850ec97a5a0dab9a,0.11015433570284172
ck_562320295fa35875,0.1831861417367085
ck_bab5759b07fe2bea,0.22351517654285813
ck_b9f1465d803e57b2,0.9212760971864082
ck_8f21f2690c32c691,0.8786925494116348
ck_df87d6f61a63eb21,0.2459533973805586
ck_770475876d0e7e6a,0.21557251289221646
ck_b4c014d5c0cc9eb2,0.5689459890954867
ck_3add4d23124c9290,0.2695760946926082
ck_bce5b7fecfb6264d,0.9008652567411125
ck_604c17cb97dc89be,0.8142915975955929
ck_e52cbcd9aafd26b2,0.23120627342620656
ck_0ac9114076f5bf3d,0.5057364871242588
ck_dcc125b178b79566,0.3139058507037791
ck_4e333c09f0c37dee,0.8846775308974444
ck_ff7e31ff8ba731e5,0.4152343099900514
ck_8d0532d24f1070d1,0.01669532775995859
ck_3689fa41748a6f6b,0.7389789164861594
ck_7509eb97c1948b16,0.33373939100521166
ck_a9161cf1ca22a6bf,0.5642763757937908
ck_bed3e3db135b782e,0.8295239074569998
ck_9040edd974ef8e3f,0.9104919260550405
ck_fac32d76ed40f683,0.26019050469582894
ck_3d7b1078e2d57c69,0.15615687163414377
ck_dae09c4e074af5dd,0.4739434713013514
ck_fd84507228467b40,0.7680162685106202
ck_e2a2ce9b8cf44c63,0.7093822474224415
ck_cbe716f351d660d4,0.3085307665462297
ck_cba4162ef29a6d27,0.5651634089143817
ck_4f1e962ff8a29732,0.5384450066225077
ck_39a81899dded61e4,0.47549698179582583
ck_25382331551d22a5,0.8440218793668497
ck_6d64e1c07b19856e,0.09162634347423977
ck_165a868bdef28ad3,0.8563742105495573
ck_88774ae52e30e877,0.6244786471992788
ck_fc7a9d0643570053,0.2619120627321386
ck_c2017120b3b88a46,0.13190326661647014
ck_d115ac6b9fd62a7e,0.5450674726434535
ck_439cf7d51ec7de0f,0.375917848284678
ck_2468a7e9e68a0927,0.4537454201503926
ck_7c418947124dee8f,0.9153328301803427
ck_fb0cf32c4a56f740,0.610262946802325
ck_694eb6c43193afd4,0.00612758574565172
ck_993beb188dd4abb6,0.22421113356241168
ck_77fa39d3b733c226,0.9083469881438342
ck_49969a9abc47cb69,0.7196066147076301
ck_d3f44bbe2f7e9b2d,0.13516087432664495
ck_fcf5b8216d0c18ef,0.797387516904974
ck_daefe1e2d2bc362d,0.2741378448437416
ck_9c9287cb28950eb6,0.7833029242267985
ck_c1d1a625b885a975,0.726475602041273
ck_71b37fe47490b4ba,0.22595712578979538
ck_5d16e257c0635f7e,0.9428256632626323
ck_15918075563eb074,0.08977288463724634
ck_9a15fdefc47e8d11,0.23804727701202116
ck_6f04d047d1dde75e,0.13560058018818755
ck_1af2c0b3b8d202c1,0.21344108970391237
ck_174be2231c5fd2b6,0.005933572637826411
ck_bb0713a2a1d65982,0.7486530485503635
ck_0daec63bd5b0729d,0.6323427468130888
ck_c0b5cc3e8ad2ff44,0.509291718720131
ck_35bee1fc12664644,0.7378498852234703
ck_a1c7cf63467df4c2,0.08920891868434613
ck_ecb1e15f0b185ceb,0.5634885205464425
ck_f280d31f54a4710a,0.2727410658819778
ck_30f4b2ee8abe1342,0.7316939191890374
ck_66bed631354de5b7,0.16481115095212356
ck_c2d3ecd7278eba2c,0.016715725587355897
ck_e901dec0e09eccbb,0.2557149045019583
ck_5d038ecb3c8748a3,0.11078072023786666
ck_283c5bea94b21e80,0.2586423459309336
ck_7956c251b85f009e,0.9522616530164757
ck_9f5f81d771146aa1,0.04948464548589128
ck_9323e6fc1e168eda,0.9602890609925082
ck_10495d3a635b8d69,0.7897591448787336
ck_1982d571cd36eb0c,0.5341550405341258
ck_4f5d7985bcc2eda4,0.17908290911070388
ck_7df526b2b4410bb4,0.4127170045109791
ck_dbb498b1a346a402,0.11723694088980181
ck_ef059997563e3330,0.6576719560636299
ck_02ec4e06709e6b82,0.18343450069930506
ck_9782c86ba6485f88,0.18417932610100668
ck_d69de468b44143ca,0.5057130620241039
ck_6430a8792f400e0a,0.6582470220166412
ck_8285bd3c90af94f6,0.3943340312650103
ck_985c9ca112000e9a,0.7884630751651284
ck_e679fbf4f4f4aa07,0.12043121119290223
ck_016e8c8eaf9d511b,0.8044357775236074
ck_bc996c523944644b,0.5130798311627544
ck_5b8315726f6204e0,0.591322007360076
ck_78181f8e998e442f,0.2969019795899511
ck_71c68dfd011dbbbe,0.915940619060795
ck_db32c95ce2b6f502,0.9557280136573107
ck_755010362a9b1bc4,0.324138290716321
ck_114141d85256c9ff,0.10550047131489992
ck_9d1a5cf5a3b87e48,0.40725112148252374
ck_ab640420858ab5c4,0.9073110802088726
ck_97a8dac48dd62488,0.9097205225373822
ck_879cc3166fe1bada,0.09947074807658846
ck_b0ed11080076e381,0.6931510951921741
ck_7334a9ec656263b2,0.4839145244353169
ck_6494f0ef13ce44d9,0.51789156191737
ck_724e459b9ece38f4,0.7168990262094261
ck_7fd8b1470401695f,0.9324736475494505
ck_292f81186358b0fa,0.27372095153238746
ck_fa7de64d37287615,0.7279716491422491
ck_d00e09e66ed6458b,0.9327144205916158
ck_b8d210e741be186e,0.386636483295194
ck_3db59982cbae4410,0.39851525085495465
ck_69887d0a9aaca6df,0.08201129644441968
ck_4feb21e2fb0b3977,0.23552211481460905
ck_08c6cc1e143475e3,0.11790886025923407
ck_fe6e168cdbb46b9a,0.6370585074991586
ck_07f1734be7fac56a,0.3170716504521287
ck_d66d59981307db93,0.699109011755105
ck_f928dba0d587d7c1,0.23057221270478093
ck_786448fe3004cbd0,0.061351303954621766
ck_29ea329fa40ace62,0.6374911852013414
ck_7ea52b6f27edcb73,0.8764096561542296
ck_18bc51bbf3ef198e,0.7308359691731637
ck_44950df09ff14ded,0.041845173459539795
ck_c1466b52c0a10b93,0.7830765847324848
ck_6cdac067cc4db5c5,0.4698619518686465
ck_53f55c6e8cf2d432,0.08877342971841938
ck_95945f48453ca532,0.43271902437227416
ck_87cce4126e215153,0.2932038374592537
ck_1ecd5516c92caa4f,0.01956995470907867
ck_819b482bca14c068,0.9036096045304343
ck_a61a879dd46fc9f2,0.28015747717286127
ck_af70aa32c009c3c9,0.46432579353972653
ck_f4fe78e249092ab1,0.6219523501679035
ck_12c46bc52bf45b36,0.7241256412881001
ck_f05f5e4b40afa52f,0.8538915559137951
ck_0f8cb09d3f4fc980,0.7361069202688442
ck_80a64a7f0275a71d,0.008849914066690723
ck_683af7b1540a0b22,0.5793804246772378
ck_51fe0b613c076cbe,0.19373690973732838
ck_da1a2450219dcf19,0.765985860845458
ck_2a7eba01ceba6c2c,0.5552928490195611
ck_4e329e29dfa743ea,0.7342819319866014
ck_0274d881d6db82c8,0.2863502024984121
ck_0af5b7d128035b35,0.5136872235022539
ck_ae0a7be6b0a0ea68,0.6683908973491292
ck_de5bb7a4d091386d,0.9384369158419603
ck_2bb7c17168a9d17d,0.5093742288546699
ck_0ffdff7b2f5fdfe4,0.1832118912936849
ck_718a8390b3d42d7d,0.4926006433328627
ck_7c4f12d70f184533,0.05376543949003107
ck_d3e2c26b8adff099,0.4939939630038418
ck_ac9d3d9754104cf0,0.10442841663878685
ck_3b1766a1d51f8f0e,0.9196457345619574
ck_a9bf75bea912027b,0.5961906792241932
ck_687eab3ffe1f8cfa,0.8613387267391766
ck_25dd0b02af5b2f37,0.7113024674802196
ck_1747fcc466f0ae38,0.07278072607349584
ck_f6e9d14dfb6f3c28,0.730015084723391
ck_c6a7bbd0adc4d5f3,0.7970401960781485
ck_46656a23f4456d22,0.9827513194803299
ck_7519260415c2998e,0.5283102485853669
ck_754f30ea19df857c,0.7386330012912058
ck_ba88a244d5f7380f,0.3456535122242183
ck_f268416945316815,0.5101702374394308
ck_21860dd2159dff28,0.6293058205926655
ck_7a86ef4e2beaec38,0.1038380885789438
ck_0414507baeea936a,0.5454033871951848
ck_60796eb60fc3043e,0.07684114486286747
ck_1e0841ed17fe0562,0.6443217916029809
ck_0d641d32658d6e0f,0.060645742832798735
ck_b36086ae6d87eec1,0.28419728212582196
ck_962e65ab33b5c311,0.9580993813288001
ck_b046a42684468e63,0.5338969872032902
ck_ab3426435b0017d6,0.53534991419265
ck_fcfe06e44d09a344,0.7812926983800199
ck_0f6d916c92189516,0.5472545215753567
ck_d4c8f0d957c3965d,0.7253723203355603
ck_2ca83dbd728af019,0.20399904540455388
ck_2857a4ce9f72fbfa,0.06787670055013273
ck_a60e6edc48e3d0ac,0.9286793548182679
ck_0cbd3b27063d4415,0.6890611967571325
ck_612089ec90c37219,0.7339387377894221
ck_ec4e597f17f473c6,0.3644295571404336
ck_1c93cc58f314bf71,0.6593586827246906
ck_2b359a979520276e,0.18707860325021444
ck_1496568ddc3b2d56,0.8662978009332467
ck_41d91dc9f5063566,0.5913701729262881
ck_4c5ff58afe3d7a67,0.5746908100890973
ck_81709736281fa3eb,0.07824902382474233
ck_d89abbab3d4957aa,0.22675681933026515
ck_52453401f88935da,0.8564350074907966
ck_a477654d34783e06,0.0636088441960032
ck_72dd0dbdf808cb00,0.33801189627298434
ck_c183dff3781746cb,0.768005565051462
ck_c8b7f241810b45e5,0.11358494614347811
ck_f88028c3f306bc70,0.696826424772683
ck_91d48d69e4f5d9c2,0.43231955640445485
ck_b74b9ba6d7c9aab7,0.9419443784125733
ck_03e904682dc73bba,0.7683642018874122
ck_fc6fed6ea96a004a,0.562121130964379
ck_51efdd240e34c642,0.8298467940927514
ck_e78ab4ff52b5fd2d,0.30531973823845593
ck_4af7b97c24d89a45,0.6400635393511209
ck_295c0072eca7f7a2,0.302164551683295
ck_8abd1a50a9227463,0.5733710992663237
ck_ecaa6f13304e3dc5,0.09473911273372053
ck_de436e7b319be1fa,0.9945162596099826
ck_c802cf8f61466027,0.22811026217139913
ck_3d83e0a3c1cfbf8b,0.6119652418452006
ck_28d2003c2d16e4b6,0.017411988881892635
ck_8ddaf745bbb9cd62,0.11497049936208685
ck_493b6256091014cd,0.672606732305309
ck_a2245822cfea997d,0.15283807044177705
ck_f7305b3c64cf8a03,0.6917949313532658
ck_9937dad93a0ed3c1,0.5335616852015251
ck_d654449f9231ad76,0.45017343054984704
ck_850e2b59bc535490,0.509789013718216
ck_e55e5bdfc0242aef,0.8483864988714308
ck_d35c51e981b98c5c,0.4731805370519996
ck_27cdf9c5e6f0915b,0.4950445204956688
ck_d328db1e1052d820,0.7307170060224902
ck_0ea30eff5f361cba,0.46203268363008554
ck_9994323f97109f4b,0.9957428471050287
ck_09054e97bdf9624e,0.07426506062439445
ck_723b4afc388113c8,0.1717334750496187
ck_588f6e6a6a6d93e8,0.5701835863246743
ck_e1d563fab4d6116a,0.158244255885882
ck_53aca610e20598bc,0.3522468951404467
ck_c8131ddc7ed33448,0.47073779472315674
ck_899f88464305824a,0.5659421823434572
ck_1c17c65804f8889e,0.5059324281479528
ck_45a16ce12893cf9b,0.4398422092050153
ck_f9d481aa4f9b2808,0.7795584187027135
ck_1d5d74169cf892ef,0.772701143919148
ck_aba32acb61c1aaca,0.7675343258853364
ck_ec4dd3675a8d28cc,0.7232100118697145
ck_5dcd443fe0bbdeac,0.7718793406444259
ck_3a47e3f54475e854,0.24367001731623117
ck_a9aa5c344c315532,0.4920982674031073
ck_9652283c9f61fcec,0.07579957892334353
ck_752dd3d2487f78ea,0.3922600166813096
ck_a821980ac4db9943,0.7512999303732979
ck_93e0d6befb67f7a1,0.7821201596593044
ck_e7a3881c3e36bd51,0.9329508509951214
ck_12631b78f8a03df2,0.3253348762817004
ck_57b8226610b48854,0.023381311719917742
ck_352657008983fd4b,0.9023065614463646
ck_0841a5c24fd3dd28,0.23479927340411585
ck_db9b9d5d30f74070,0.5506857445659594
ck_a9dded7f6294e44f,0.9160638345841591
ck_91a16336ce3217dc,0.5890147701775664
ck_371bd9388b287677,0.22128145794258433
ck_f285e5e1912a7c62,0.051459517673423896
ck_368b65fca69fc415,0.6357362916876241
ck_d27a73596b6500c2,0.6514161093400185
ck_2d963f9b2c4d11e1,0.8332156887671991
ck_7c500e219af39486,0.3287123659674983
ck_7d025dea5951cba7,0.43214576059208776
ck_32f632706608859e,0.6186306119687488
ck_53816231f3ffb48d,0.3796091427879549
ck_9dbe184e81c1ca8d,0.8176941340224313
ck_d74123617f22a21e,0.5799453997210572
ck_275386782b1606f8,0.1905900119185345
ck_0b0e79d33e50cba5,0.15383055199013929
ck_ba93cb604f792915,0.8142067630042326
ck_a86cd653472eccbc,0.4836926533227073
ck_87771861e0447210,0.8659006928993236
ck_212380e0371d8a6d,0.45065002144555166
ck_ef0d702d7b0ed745,0.10853173953076103
ck_2b8f33e22f939372,0.9835574641072675
ck_480347ad92037105,0.5377252279618466
ck_20124c3a16c53ce4,0.44038476823959893
ck_c9e1e3229baae708,0.3157827346409274
ck_b1befe967f7a5ebf,0.6381995575869083
ck_4672167d7c989bbf,0.933982416291423
ck_f0c44ee5e3a42e3d,0.7250927698204386
ck_c416357d20238a4e,0.4473673669943364
ck_d0f470f8078c91df,0.5533613129526583
ck_3a70b4ee59084715,0.35552367557808606
ck_179ed66cdfc1ce27,0.24035946938315705
ck_387e5a7f163c7837,0.3639411279516076
ck_08fb463e69f647c8,0.9957678938460691
ck_732f725747393ec8,0.8169651478004534
ck_7cc5e0fa3ca5a713,0.4757537197607591
ck_ad4a4daa826ac68b,0.8447945982504103
ck_472e0be7a3b533bb,0.7735000089006376
ck_7190177963eafdd9,0.3740392524406746
ck_647ac26c5900f082,0.4476545034298892
ck_272ae2179bbd8e58,0.3866471867543522
ck_09b0d8af304646bd,0.04461062189219498
ck_ca0cc8ea9f344408,0.455806316552144
ck_332ad134fb909869,0.261680677783229
ck_fca2798914627dc8,0.7941381979311664
ck_4450b55f462ae134,0.36583458936149005
ck_d67d9dfb60b286b9,0.10112738254201269
ck_a9d2bb4f2bde7052,0.18754036405711444
ck_929bcae878a3ecb3,0.9431559198098013
ck_59a9e000fa275e1f,0.6194624158866933
ck_57f17254e2688637,0.616170769883175
ck_0508908697f60ce3,0.8937899311996003
ck_946afc2943298d26,0.11087332128159733
ck_7176d12b18f2cc0e,0.7318675344694654
ck_5c47b49c26cce286,0.4134456844579738
ck_b6a2bdb2d335e1d0,0.9929660826632488
ck_1d58f6caaa4d012c,0.4544813797428352
ck_71c917295020ccc7,0.1855618520468579
ck_bc89644ae3688995,0.6653514306628705
ck_e7c212f16d6df272,0.35341904651475203
ck_c6d2e11a368184e6,0.054638651612736566
ck_eed7f1f7548df15b,0.338023212282109
ck_75b69034000ca7bb,0.635978380095692
ck_38da3bf629458682,0.31161194771223255
ck_90114c891239d821,0.17383397748330637
ck_8ee08f6777cc155b,0.4345583559363991
ck_bd86132499defcd0,0.2740256390545192
ck_b95fbf2b5640aa82,0.8531162062984299
ck_c530235393360e3b,0.5754775659795569
ck_be52a7ec43241ba4,0.5623014133402885
ck_d96eb3cc55f2772f,0.7922681616214388
ck_dd34f0a844fb115d,0.8948475523278616
ck_17cc7b411f448e66,0.7430080179799619
ck_856ea65fa27d06dd,0.46891846444547636
ck_056d5f0301c30902,0.5191335017852174
ck_e662b14b2bab23a2,0.7445027497150355
ck_209f574c8d92274e,0.5398882392436285
ck_62720b81617896cc,0.2990108610259755
ck_041614694b77e599,0.18660100326359072
ck_461e3f7b97db8d16,0.9051638178408448
ck_1b74b798eebeabdc,0.616948750230345
ck_0ed2739384f1d644,0.4811594731868368
ck_5a4d19f1b83feeb8,0.3747994302151776
ck_463937167965a1f8,0.5462448854813684
ck_9d7151dbdf100e0e,0.6307194478250722
ck_20a7d1ce6cc27312,0.26422666982606563
ck_6031211ff118cf0f,0.168111085692009
ck_a6fc92aa91e99b77,0.9861762719164039
ck_0aaaa9d2f75a0518,0.11186782101179793
ck_ec26e327cc1848b2,0.44639690491425704
ck_0e6bebf8ae9b9b03,0.47841656650646136
ck_e107537a4cb738f4,0.30158535910063744
ck_e8ea56e122a5a487,0.2274340904292765
ck_98149ed45d38c4d3,0.9026451969958701
ck_0e719b3a6906b8f1,0.014537055657789347
ck_0c6e7bd357e4a348,0.07536650468020792
ck_d3b2b250da61db19,0.9658806645330882
ck_8bb6b0a292754576,0.8823378770624769
ck_87d70f5fe48a6128,0.6365517341418481
ck_ea9edf9c107d429f,0.6259950921276521
ck_059806c52cebe4f1,0.9482245690612893
ck_a72d6df666e1c21c,0.2436605034799312
ck_1d2b80ab6c4944b9,0.2162528112639854
ck_60557f077abc42ca,0.8427715604966655
ck_e5f5cb7dd6ce4a37,0.3233328489053194
ck_4c4a939154446053,0.16191037790507432
ck_50ede3eb561a202c,0.6893090334357322
ck_6d03a542922b2ae8,0.6545828279133177
ck_d6fe761ed0db3270,0.5997938958543384
ck_7f0cd6ea3096f985,0.24820093697871776
ck_23edb6d938a3b87b,0.5366172973424908
ck_799aaf9f2b9ef621,0.6295596215508107
ck_f8f6a03613b6dda8,0.07060740787350842
ck_7cffb189f4f514ec,0.960954619541442
ck_c081e1967dcd811f,0.4612383772962694
ck_583d6ca78c97d91e,0.9322622638869853
ck_9332bbc7125219a7,0.45591873835038005
ck_956b5af6d7d86c65,0.8926007155456385
ck_2d634e3f24681c0f,0.37014223227949505
ck_7b35d218ed0c5a60,0.6613149592576505
ck_ca5b1057f8248f73,0.6628600907497882
ck_ec5ea81cf813597c,0.5398967085119348
ck_eaebaf4d28400fb8,0.6959742230273415
ck_ae2ab6be219219aa,0.28002154000850077
ck_d99a8b4c820eb46b,0.1650875839285182
ck_bcfb7ffb7cd428bd,0.21294339816487456
ck_3dd542c2d31be2c0,0.5240322658449711
ck_c7dd84401e29a7fc,0.0188399593961816
ck_c4bcc7cefd40f8e2,0.04774097771532914
ck_c251898b5d51e3b0,0.573139714317414
ck_36d37be780c1291c,0.12386949781993929
ck_99b4f266b61ae7ee,0.6944861583877492
ck_c37f03995f0f0169,0.09201770323763114
ck_65a23ac8e44eb901,0.4067964597891325
ck_644b1c1149eea9e0,0.6431853904288742
ck_9cf44eb0237c2429,0.15605102666541965
ck_20541686a94fb71c,0.8589081837673335
ck_c18245be844680f3,0.7075791883425122
ck_56de216eda6b7fa6,0.13421554925357565
ck_406c4442dee45cd1,0.171338691472517
ck_df1585c7d72a96e0,0.3083188960768422
ck_b8e8dba20676d87b,0.6471479467109057
ck_0ee6965e68efc177,0.8337854029906311
ck_c2a5c54ad8d0d297,0.2117150987629732
ck_bf6fb7e6470e95cb,0.0009357209707998069
ck_27fa694569140345,0.011677781081470657
ck_e04166b0ce66393a,0.22977365399827446
ck_8742114f4f0cb22c,0.8573636648251621
ck_6eceeafd56b42576,0.8673537101546529
ck_34f9951b0eca1965,0.49726661681183476
ck_384ccecd342a24ad,0.12969823457996077
ck_49c98bebd1338879,0.21761340800752327
ck_6c26c12071c91ff6,0.0605992891734418
ck_01e5986ebb9a78f1,0.5909260438160263
ck_121db7ba3be29ee8,0.7867793757768253
ck_039e6d5a330cea1a,0.8762734127148859
ck_ae8c9163cf957d7e,0.6113604802375058
ck_3f5e8f3f1df0c8c7,0.6611723549978086
ck_b1c51fdafcd80122,0.7704998419713321
ck_12e2b5ebfe8986b2,0.24352890895423066
ck_d55eb81a4d543c59,0.33726141286672046
ck_f85155ca5c312c7b,0.4879781865064597
ck_133d8a1ac7c0e301,0.9933027000309163
ck_04212a9bb9b28696,0.999954249156579
ck_4cc11c7d3ca61f73,0.3004765999223015
ck_2df4854186ec515b,0.5140570860813592
ck_aa9b28e7fc43af79,0.9672652086607776
ck_47cad6c3def4c9e4,0.09342426683360361
ck_fbff7b5da8111567,0.27191039679799656
ck_bd25ea782e375b22,0.506608564413001
ck_7989376f8cf64a9d,0.6893050873380251
ck_675c0ca1ebb1051c,0.18047675106567973
ck_1436f6e11d4008f9,0.3927563025884755
ck_812cb3a4482cc618,0.2820030438144404
ck_6e606f73a1094afd,0.2722316617928625
ck_1b708e2a4a0584dd,0.6983101467736154
ck_a60d6b324bae0330,0.6327792448699348
ck_706a4f673a9fda3b,0.9531439469574537
ck_a75ece9a9044eed0,0.29672494049581283
ck_9aa45c4e03c8c57a,0.4924941858141722
ck_9fe9bdce982b312c,0.3766925853500769
ck_c6fbdc5ba68a8466,0.7437674026725593
ck_ed0cc1b1c28f9511,0.7069286758913964
ck_a4e2607b4c8021e8,0.023058334818196646
ck_e02f93f51cc8caf3,0.5422133337877002
ck_7084ed3cf20781b7,0.756705413001467
ck_cd4c63155570d6ea,0.2893527841505088
ck_d1b9e5d32d2d789f,0.08747231455021827
ck_68f56f6560a7a933,0.2238707861060508
ck_8bedacc6233c6269,0.6558969709974986
ck_ab7cb50407d6b13e,0.652485262486418
ck_f17ed7e0fd687742,0.9375412877100193
ck_b0fe4b92fc70f72c,0.025005926073836796
ck_84d62b8196da2452,0.7183981005831597
ck_9e298cae167f4693,0.021229310172277242
ck_405b20ef9ad0ba5f,0.8175108243737642
ck_813e02e1ababd177,0.32834140403150425
ck_f234ab47061ba7c0,0.054185576083156425
ck_22b587c18363899a,0.4530868349719234
ck_4e862c2f48c38aeb,0.17960898093852296
ck_b89cb90a420c9075,0.2995168413013804
ck_be2251640f27a3c9,0.9030996781573223
ck_46bec0bff167ed3f,0.7411335487656047
ck_c0032232c2868328,0.3602822855778632
ck_030cf09525dba4ba,0.27403533342275826
ck_6ecf56236789fc09,0.9815671492809639
ck_38d4ed52cbe6d123,0.5938082115525927
ck_2d923d957ffd4d53,0.16043332299962362
ck_3af1eb88728ed8c7,0.4840319916881489
ck_2f8120ca80a1592c,0.3396948928453514
ck_6cabb1a133f0b151,0.4941683713661753
ck_bb6cf7e7b707731d,0.9739591750821208
ck_c8307fecafa90140,0.5033942025574865
ck_75f968be67f46d24,0.712971030504735
ck_df6fe4ec5a233213,0.20984576526918153
ck_b53e88c0e927d896,0.06420794779913568
ck_f0093064aa28f4d0,0.756569566103076
ck_ec9976cabc63ff92,0.397728188689512
ck_30dac0a58c5590cb,0.6832549662723163
ck_348a525791ae6475,0.8313752578461854
ck_b898d912d1181ef9,0.4723465344202776
ck_f5b1200dc6f95760,0.5674576181809114
ck_54978a073e7a0b1a,0.2882451598061362
ck_55933936536a4071,0.53062121585657
ck_d6ba7ffd2ae08863,0.7772290717859516
ck_404e2217fd87fdd2,0.41109844470257517
ck_dfaafdaefa5716b6,0.6177843745029525
ck_556c62e92d4e7e5b,0.9022805056144049
ck_7ce44f4e06d58111,0.8029377122407929
ck_465cb8ce232c7670,0.26392500957669146
ck_237508ca4fb37268,0.708112936356732
ck_ba4a6b9aa63964ef,0.6131201129308358
ck_4802a0a7a1882c88,0.9439226744138163
ck_9478dfe4114c30f6,0.2412357990445897
ck_5138f6c575dec64c,0.4341321293206841
ck_aebb42afe430e2e9,0.4633930998416843
ck_004efa95555437e9,0.5062487379541925
ck_11af112667c98394,0.35366144119780313
ck_44e9a18a8645c9d3,0.12190432000064576
ck_2605fd571219e28d,0.03340802607455694
ck_dfc933493561d84f,0.44943848004832365
ck_67674348e68d1f25,0.3305732849818788
ck_dd97429277a2fa00,0.579277300706288
ck_d3eab7a06eb48348,0.5734709799555022
ck_0b9fcff9667ec05a,0.14474218933810468
ck_fc4bfd6e739bddea,0.04889646135093069
ck_43292f70a03ddf2b,0.5494691577141355
ck_5ff6108056a3fef5,0.3427251519702933
ck_767e0be086b5f601,0.7585778640339856
ck_b8465b1a5666155b,0.7448958213852821
ck_ab2e3fc56f5b3aae,0.44608594683759656
ck_1833c81d693c1e07,0.9465795568799729
ck_0308e0602b856445,0.3092336066702784
ck_ccbdfe744acff8bb,0.36363389996364065
ck_b294aa27a0b586d7,0.06969703991873226
ck_a3747201f377626d,0.9818580158052103
ck_edde1d7d1db24725,0.7655193608589452
ck_ae3b47d6e1063704,0.3632904349685526
ck_3aabf5e0f4defb41,0.34043678124026505
ck_f034adb57391f3d7,0.3305471388839496
ck_533672fb40531607,0.905867451046799
ck_2a244f1ae08ef83c,0.3104723032563547
ck_a35d81bcc54ece2f,0.4108068753623928
ck_78a61215675b38f0,0.35652242768097697
ck_e013d88ea7939616,0.6553847201675649
ck_e5018f9418e0102e,0.8361420308392855
ck_d4e024fcda401a31,0.1223727479030273
ck_f736cffbdb82db34,0.1551007818807985
ck_1507f5aa50cdf3a0,0.4715614001707037
ck_18270fee7c8fcee8,0.17190235115043398
ck_95ffa1a805a1c9d1,0.1961306934180535
ck_11132d245b94d045,0.17164017118995203
ck_7b93a622e40d8b14,0.8419459642617277
ck_3854c08d17704347,0.8120234441610228
ck_7717fcb100dc4b5f,0.45965850469485214
ck_ba54e0a1c328119b,0.8576555404403277
ck_a7afdac4ecbf2de4,0.9368029133947855
ck_ecfb771ed2352085,0.47249712114150355
ck_68be4fefc85a6b64,0.9228579879696639
ck_dac7c50bd6d0148f,0.25434488418809004
ck_87cf36a03bd63c24,0.9291034375091004
ck_8adb40b168b59d7c,0.6189902578956182
ck_8d2f62930777416b,0.6904971497328054
ck_9958b58da9e3c21c,0.7100230655053182
ck_9440335375701f44,0.6950392048724775
ck_e2f88e202b6f700a,0.5347705056009788
ck_4c7c50684827a2cf,0.4201666255362261
ck_8a6ea4a79b1c7a8e,0.5749974255270979
ck_186dbff4b24a3bbf,0.9315880200607315
ck_220fda3c11c59b6c,0.6969660920257371
ck_3acccc69f8b1fd14,0.8955942153794625
ck_9de191bf79afd676,0.24132378665175172
ck_6de6b1663f9457f4,0.24461026145763004
ck_062754f8b79b86e5,0.2600089972199866
ck_aa153a89a52f7eb5,0.8613387267391766
ck_34a6bd3be642f15c,0.7147215813797922
ck_9371c700d9830326,0.7425748534708566
ck_a99e0c258ad7576b,0.43559527296227984
ck_0a7ba51d626e932a,0.7979211746532242
ck_852c50bbba1ead13,0.7126235839348654
ck_43dc13b6b6d31297,0.8110943902857045
ck_7d81b59d615a6649,0.6710774754699694
ck_39a3f1da060e88bf,0.45827817746277844
ck_6fb2d142c09ed3ed,0.6325327235572374
ck_6e5752b87324b58c,0.6490586884094584
ck_9441d48a12e8a4bf,0.7972657070134821
ck_09e9c51eb538b255,0.39894135172762557
ck_8d0cd981ed3a183a,0.38609466255362074
ck_57c07c45269ca8c0,0.30123993071260613
ck_ccfc9ab888ba933d,0.16420528998754003
ck_9658a6ef471053f0,0.3929037362938998
ck_dac3852758f4ea89,0.08292741266972774
ck_b1ed2278f5f14d82,0.675283309782927
ck_333544d173524f70,0.6676158540087471
ck_fd4582e3853ef23f,0.5216180843368485
ck_614d936cef98db04,0.1756149268289832
ck_6bc351a3d57aac54,0.5479731106131595
ck_af5842fa7202ff25,0.37841093558168987
ck_81307759252571be,0.22539022283010723
ck_b4d2f02d2cd45720,0.86531996894175
ck_1bd753a4681946c8,0.9773099963859926
ck_46d8c029d46867b2,0.09975424468941732
ck_b7da6640fa2f49cf,0.9440796219555405
ck_9ea3d5a5a91fef9f,0.8853724788260787
ck_7b922518f667f76a,0.016657955918874298
ck_2a5b31594206eb30,0.9283026446117418
ck_d9506476ad3f9e08,0.18838335824113953
ck_c8791f7ebd4d93c7,0.3722904134724725
ck_b5a3e20fd210017d,0.2048703296113906
ck_8e54386f4fe22cad,0.4550070550297015
ck_75296704f5806f56,0.675865349106403
ck_0fbbc7a6af300368,0.052104678394960545
ck_d19bf4dc0627113d,0.06553612789021561
ck_7951bd4eb99a0175,0.17789035990900123
ck_059e4fac6b7f704e,0.2823833938436904
ck_2ce8931af02a2ce3,0.7246807059546668
ck_9e665618a4860306,0.11659015852737956
ck_6fce5a893613fd2c,0.048767894097987666
ck_9e3fbd04e3532f32,0.9254093317420796
ck_55f2ef0de3420e3e,0.604457148335536
ck_8d87658a6f5d204c,0.9287110686547899
ck_6d6ac1f5dd882aa5,0.08349602753627108
ck_55d0c7012d7ef236,0.7055454471296093
ck_7738eb085e5753d6,0.20317956658665326
ck_0e6e05c3cc8c8242,0.12313818714113983
ck_8d27ff8383d48132,0.6135846850014797
ck_9afc3bb849f3a64d,0.6796609572034878
ck_27eb86a9898cdfe3,0.15102843453233578
ck_1d40e4fc541abe93,0.9506526973103412
ck_4fd9dc00e1913587,0.9700409640116383
ck_b26cdb2b7b165d2e,0.2426100362540738
ck_a79a27767a02e31f,0.6560619010006068
ck_f0c18cb9f951a71e,0.7416254920341107
ck_50460e0189de6274,0.9447147820338548
ck_5e5280539257c986,0.2318571824182751
ck_eeb854318b3a6f0a,0.6289548599431158
ck_943f66f28dd24750,0.02738194265896941
ck_984dd7452aee372d,0.7134784164120119
ck_ecaa6de0aca5e9a0,0.3000041356562433
ck_8f1cbc432e2774f8,0.16699810961805725
ck_d91d9f8445b9769a,0.8475910577036513
ck_73c18e03e3c7612e,0.036957905940850036
ck_aded05ada490da20,0.30100814922274377
ck_f744e208183971f8,0.12250868506738778
ck_02d4cef6358ad3b7,0.43864369572376705
ck_08ff5bd467226a5f,0.3208696732720048
ck_f824b326d5089885,0.8666390672145573
ck_3420f2fd520890f3,0.4904306586806161
ck_1838cf8d00f5b1e1,0.6076050552452491
ck_a85182ad90b6f1e1,0.177531723073051
ck_fecb39c82c43e76d,0.5241771042956651
ck_162513e73782929f,0.3213937269179855
ck_2c27b77c59d8f23b,0.8870070938232202
ck_4221e07b17388fd3,0.36201384425739513
ck_adfb8472d5c3d669,0.6168833043754627
ck_0742fe64055d686f,0.14242323960551767
ck_5060aefcc8b6f958,0.6182441171280143
ck_643f549b4ac78a26,0.9429041370334943
ck_dba767885bd6ad69,0.20712404949810892
ck_0dda35c0c64c7073,0.9840303249142786
ck_38ea56d43afa5660,0.4598684827254452
ck_d813e15ac91f487c,0.8824367486607364
ck_4c840e5585a7b167,0.7348696293146397
ck_cb8551453a7bb929,0.09684022771737458
ck_05a00b1dd5a03359,0.45776776428274396
ck_837cc7fd48453a01,0.21631654521201252
ck_49dd816b31fba6b6,0.9566724199054304
ck_86a61d9a39768e87,0.8280615021084146
ck_cd0e76f0e7bb38cc,0.7226037543641781
ck_dbe58392635133ca,0.7840309916238267
ck_3caec7dd6f8d02c9,0.5936653912837371
ck_bfd9bfc5b6ab4a54,0.8268616732612639
ck_2103399bdb2898a6,0.5197919064317477
ck_329f7de7279e74c5,0.4802003271158821
ck_9bf0d28119fc42c8,0.25910853964246316
ck_f781539b1042dc83,0.14026759823515322
ck_9986c7d781ac6b4e,0.4368610344712351
ck_a627734880aca848,0.016977509006885074
ck_2106e509d77fdb4a,0.9259376377607507
ck_420d1a9c604293ce,0.32849067538682775
ck_fce0610c527e2b56,0.6401707899517171
ck_073da541ec3f9d3d,0.5875248678880751
ck_aa5f3ab48c17fed8,0.9160234354703172
ck_0fc1086e1c9e04b6,0.5878609984488201
ck_5c33bb46c1a5945b,0.8473816922230247
ck_500948a8d4bd8e13,0.43286667408671214
ck_19becd44f2c3d2b5,0.6574458325783299
ck_7d0fe77dd5ddb656,0.3826233467241594
ck_f158d9e5f101bb35,0.5672969405504936
ck_cdd7c77823c2257f,0.8385985393771187
ck_6c7b41374f9b2e55,0.3066451973317615
ck_417090dbffb1a63c,0.5809533239081903
ck_dd0e17605f970319,0.6216480591867246
ck_3646515079e6be55,0.8055999464365288
ck_89c8b06aa8c84b2d,0.9121269375931345
ck_e4d6dedd97233c07,0.8915468245060706
ck_bc82fb1895fddde5,0.259448184282888
ck_88a8b1d442ca3686,0.3847683749013352
ck_5791f8f76a629a4f,0.6901969853812727
ck_9cf5e88e97c8c7ea,0.5727789690336559
ck_58fd684aa5a6f289,0.39220132818787834
ck_9800c21dfbd8e811,0.27415723358021976
ck_8ae64df60ab6ccda,0.3632803085822863
ck_e535fb0f0c00418d,0.8492801990875031
ck_48011996d54855ac,0.944444619611989
ck_ac79c72a8fe3fdef,0.8100677801780293
ck_b8cc2df5192bc49b,0.5344909550858572
ck_e96a5e1f08f8a867,0.10038506212907178
ck_84df6770549e43fa,0.16176272819063636
ck_e5f7b99ba6ec5767,0.6141032966519115
ck_8347455ab53ff620,0.14096860070930267
ck_a84f2cdf695a71d6,0.09547800933295111
ck_90456160115f9ef4,0.41530409848359356
ck_ebd178b3f3a9c50c,0.4959990176529804
ck_e1140be6157bacbe,0.17922217982280514
ck_744ffc11d32b96bc,0.3543154677285988
ck_e12a9f7d027e3387,0.3823134880043877
ck_cbe525da0b69f18a,0.5121786707692949
ck_aa59702537557ff1,0.4354939511641548
ck_0348cc6908f7f3af,0.004249476708570596
ck_120e995d50956bee,0.8145882123903713
ck_9fcde1ff46cbbea5,0.042224208122887325
ck_54b0b070689c50d6,0.13049832466138328
ck_966a167758fddfd4,0.8381821328726868
ck_d5194f2e92fd6427,0.24646775665830023
ck_2ee84f3fa27f2cb8,0.24176523989722398
ck_57d0a7eb7eae2eaf,0.8015291304629821
ck_6a2c4edd82e10969,0.07531601465717425
ck_96e4d38ef670eaff,0.4159101754571907
ck_52cc2fd5095b169d,0.6758282835403019
ck_4b088920f3a844c1,0.8613387267391766
ck_8f3ccbd20d59f1f4,0.16838094183889166
ck_e5e5dc431bed6f9d,0.15023360591452284
ck_e8b5bfa6838e28d1,0.6915588072247435
ck_4bfeb78b47b7c6a1,0.8010442508309105
ck_a705c61bd679496f,0.5592955884064207
ck_731869a0c39cb2fe,0.8001286214125247
ck_259eb102342057ea,0.09061377037346344
ck_47a6005fabc33551,0.2964831583627282
ck_682262b455a9edd4,0.03724907874007961
ck_e839d104854945f0,0.4038490170737127
ck_761989aa4c47d746,0.7052444896961712
ck_44211dc210139ed3,0.3289060728003404
ck_9915ceedf63a5289,0.6561878375217449
ck_da59ab47cb6284ad,0.12658213177273925
ck_e5cdbfcca2456652,0.17134838584075604
ck_13f2560c6a1ec62f,0.6150792362046142
ck_a0543e9b3abe1001,0.9047049940407328
ck_11c7a58e09e6547b,0.4897565953863014
ck_69587a134d43a4ad,0.7204185076050996
ck_28dc0de0ae291f37,0.7285278131657045
ck_298922703c5bbe05,0.8583952301214638
ck_fa5ba9ed9ed6a343,0.4914502051518571
ck_c08e64d424e56c05,0.8416214285906429
ck_598e036a28262aeb,0.8146966880909
ck_3f7c870510083a51,0.5921669294599698
ck_364f8203a3e98d36,0.9722163003934642
ck_7333cedb61506ead,0.377014859435862
ck_1d96d7fd65f208b2,0.4844787966632003
ck_63133a79f23e2627,0.7980000449650391
ck_901d820e0b72abae,0.017754967070058268
ck_5dd80b3c01457bd8,0.58709253193795
ck_c0b8067c144ed6c1,0.31685934796471404
ck_cebb8aa8c8f62c60,0.36142290364758567
ck_79749eca42ff1f5f,0.5317636715761918
ck_2cc1d9b587f6da31,0.889178790382322
ck_ccc7916b56d42195,0.2560458638650633
ck_e43e53cc7b8b8e41,0.692494618461513
ck_4ab74a6e7450416c,0.1303875245040328
ck_6e44024e9de301c6,0.050946257752571014
ck_dd78cb6ae2866cc6,0.5968214966638477
ck_c363d3b050baf3b8,0.9071551417580676
ck_2d46291975f0dd08,0.08416461335796258
ck_76ebeb5aee42f041,0.8419459642617277
ck_8395f004cf4d4c08,0.4413375534900553
ck_de7259c3741db179,0.511435647540418
ck_3938e92585df2b34,0.7938169329363004
ck_af69bfcf4f07d932,0.18674501315530467
ck_1723900ab9afe374,0.8745325562080677
ck_3d58628d1c853c8a,0.16600492525375904
ck_12a074db100481cf,0.8705542510122821
ck_8716cbf892c50e29,0.5117025666805126
ck_fbf7351958ad9615,0.19244246166460877
ck_a50370907e6b397c,0.9079295725484832
ck_937402a60df0821c,0.29506790948943584
ck_8ce9c5807acbef48,0.2357195517361447
ck_acf7d65eaaa4c31c,0.2805368729000871
ck_ec3eb6dd0967cac5,0.541309542662436
ck_fc832b0c90c9bdb9,0.9688077094211107
ck_8129e81cde280131,0.4029480372121924
ck_52c0ef68aa2fb8cf,0.6575486502742964
ck_06f042e9b1b662fd,0.8468526833884176
ck_0bf35dcf7b38f650,0.20987818192163948
ck_615763afc2e17a7f,0.06579821758472798
ck_e72db9d4b2fc9997,0.9927743940122451
ck_13757bf0eeb353e2,0.3005108542246587
ck_abaf371ec8249c4a,0.8887092631230518
ck_9b7167da0920c37b,0.7491334952778056
ck_2e824b0b27494a17,0.7594548062453848
ck_9a0b605e9c3220c4,0.7460365651980487
ck_a5276af466b681de,0.14742473109526824
ck_9e0383e1fb6e214d,0.431507176700063
ck_6a27c44b691dbfac,0.02844895188048658
ck_af39767cf583905b,0.7609763868943236
ck_243b1b9fdd3f9a74,0.2735727795339527
ck_c0422e638a9c6046,0.5081672461051154
ck_e0f3ea3373dfc4aa,0.4852609939059862
ck_d56ee1654378ffc7,0.38190809123409725
ck_20cd2f5666719baa,0.030023472752324733
ck_4dfa1c1e9b69fcc8,0.577821958994137
ck_5d22e9ca1d15180b,0.9545982795786856
ck_f4a7ac178fd55f0e,0.11149575971891512
ck_fd5609bd23a1eaf8,0.06677464394435284
ck_49c3bf13dc9471ce,0.7392560522784901
ck_724085c3452d4693,0.8884718236286269
ck_e5d1462846154a75,0.7946995331522617
ck_c69ef0f3e7d6acf9,0.8107774679294986
ck_a2d0417791d4132d,0.5299756585940806
ck_00a07fc2a9183c3a,0.15300309071085474
ck_781b8288e54ba8f8,0.8073742286867243
ck_d74a62ab3804a81b,0.14665666112535092
ck_abcbde211b6267f8,0.5684360627223746
ck_16dbafc035574654,0.12381900779690562
ck_018f780215ecaf38,0.5498556525548701
ck_0b259620eac51618,0.6102247818793352
ck_4f875342394c110f,0.8264054801929568
ck_399e45e5fe9beaee,0.37186813295446464
ck_36224a2d394ebfe4,0.6930652515098945
ck_c189b551bd111332,0.27098910937504855
ck_125c5a720ecb177a,0.7638713214048714
ck_76d010aa02eb477a,0.013432674595187889
ck_1071d14c46c92379,0.9384389340237987
ck_61d244b2cde483af,0.4976261724727346
ck_2ff1860da2004c84,0.35375364570058104
ck_c5b583490198672d,0.4788996084886338
ck_1294f7af22fade11,0.61716881917013
ck_e3a22799716df39d,0.36047336167890054
ck_c77e22834ef97005,0.9636822995920603
ck_73d3689728270a2b,0.05593673950818013
ck_295565fbf77ef885,0.24896426776902236
ck_80c0a7f54ff4895d,0.1937217733735406
ck_f1ef5cf7f10b16c8,0.5535713812492209
ck_a958b2461ffc21a2,0.8768124221927153
ck_0e7899a57cd617d6,0.047321940479092536
ck_9d4fed252718f58a,0.2180601227166051
ck_83c2c34add971d76,0.26935984610748637
ck_9ccc030ba2de9fb2,0.5708437028780596
ck_cd691e3466fb3742,0.364689412644094
ck_49df70f908dfd069,0.9150616586675577
ck_362ce13eec1e33a0,0.2008457512881872
ck_2452a30397dfc54c,0.3060840781196797
ck_a443d49c2b4863b0,0.29346299014697813
ck_c8b2e2cb349dd0ff,0.11500059155772321
ck_354909fecf5da8cf,0.4313352733264902
ck_841f598bbd54c83f,0.42979641238888117
ck_cd6fbd4e8724f994,0.625377915153944
ck_e0b3158111370118,0.4449989363296349
ck_4c2f2eb657c2c60e,0.311285421253757
ck_ef346071f0b7654b,0.4031390230472601
ck_f3bc10e3decefce4,0.4378375510968295
ck_189b6fbe9b9192e7,0.18419599383971047
ck_5245cbc5ff4d4fa6,0.25016115960938495
ck_cb42e3be6fe87f60,0.3069397939447014
ck_966d4d713cbc7792,0.03968821672327294
ck_1c8c969667cbaab2,0.9420589086586173
ck_d35e3aa9ef5d405e,0.7134918408689446
ck_a1c39df50a5873b3,0.6422756350240646
ck_a152165caf295b51,0.6481905217413488
ck_891eaedae139828e,0.10231094019141222
ck_1a46b56f4734d52e,0.29417662399615463
ck_5e36042cfad96c99,0.8059325274405194
ck_02a8582c2603e675,0.2679003777656891
ck_6def9d0429e4ed4b,0.8347939397277306
ck_e137400825a1e3e6,0.125447045964535
ck_d91ab840848a54fc,0.10128665454055848
ck_becb6e1c608e0078,0.2040795373572544
ck_6fd8c86ac719d7eb,0.8985035834378621
ck_3ed4d13f12fd9d0e,0.5320050571683236
ck_007337aa99a4891e,0.0981011597807475
ck_60c3d8306527a08d,0.05481033897729577
ck_95458880a54df0b1,0.9401851422601961
ck_b48cd8593533fc1d,0.9596114836185136
ck_021c6a4a7e3f1f0e,0.09662046505257285
ck_764d40f865e710af,0.600638511679249
ck_4b84357ae8ec7777,0.3398978072395102
ck_3397c7856b4669a5,0.06811949177413656
ck_920bb003b42e6310,0.02298319459507529
ck_8f59f11b512d5b7c,0.7864861847957574
ck_a3acf4b986afa98b,0.8382810044709462
ck_e89d25ed7bdeeaea,0.4782086066577066
ck_70e6bca473bf6902,0.24743751592244356
ck_186161ce152836f5,0.32277093661133205
ck_9191579254663f5d,0.31531917166120266
ck_1e6628879e9d653c,0.44929385760664325
ck_b498fa91a0776ff6,0.8954806942243376
ck_cfc2384f22954830,0.83377864562918
ck_17673a1c2867888a,0.12232870896646147
ck_523dce06515b072d,0.4197709231341748
ck_c20638a325ead2e4,0.038039564719232616
ck_d3877e1f907cc148,0.7675804732697102
ck_e9a2495dea8675e2,0.5226001687010358
ck_7e561caa5fa1f3f1,0.6092526981583702
ck_455672e652fe1abc,0.9716726420019918
ck_7f8f864fcc90ca82,0.4307167809868796
ck_1ad36046aaeb816c,0.335453885405087
ck_de056e37c82e8e00,0.8317345974980715
ck_7484c214c889fe7f,0.39930016909551497
ck_32430e678c4f9f53,0.308763376595072
ck_6276ece8f80ea799,0.35827692465374145
ck_ae8e5dc4b725bc25,0.7406476600426138
ck_f01be92dc78a2dc7,0.5297216416269218
ck_233397a8bd40d38d,0.3234390001490267
ck_f8124911450fdf31,0.9458388581079177
ck_aa0a3179f1111674,0.24547215757121088
ck_2366b29ed9887a5e,0.34855893418491074
ck_1f22f04dfc08cf27,0.5166559828700208
ck_b62276c3426d680c,0.1662734660347393
ck_d099fca88691f66f,0.5834515469257677
ck_166bd1dcbaf4d6fa,0.06306448298859477
ck_7b1660e942436e12,0.30267163131558866
ck_4a9a791a1d409a3d,0.6750697274066845
ck_b003e5b54df65db4,0.5829767582028879
ck_64b4dcbf436f0b75,0.49369287982735954
ck_26e9a7bb2061a58e,0.7999829898799252
ck_08b77ad5f8f73007,0.06746858278206802
ck_366616a725afc6bd,0.6201604813540548
ck_934fb5064b6eefe2,0.012815894162432447
ck_c6abd5d57b1009d2,0.08447385952776788
ck_edcfa9e1cf29d813,0.7727936546969091
ck_c30201ebd003fdc7,0.19014895521401498
ck_c54643d94d3ce355,0.6313165332463663
ck_02adda6e91e49650,0.7925483246865268
ck_5b73d7c5255e58a3,0.9427648663213931
ck_129ffae92dc01408,0.08077532085611766
ck_fa321945ebedb916,0.6332032372947977
ck_8da980cb2e1e2bfb,0.3590191193236383
ck_0576b00d728bdf19,0.8410774639241875
ck_c543d82e22b3c8a5,0.21206483431258993
ck_0027ba644f9ae2cd,0.7931941882239995
ck_8dbf61df902a6bbc,0.03486367406169113
ck_90eeca1cda79fd41,0.27011277971361597
ck_86d7127391d4e01f,0.05129357857939659
ck_73762038c7ff2f6f,0.5177488673915585
ck_a1484e6215fac651,0.934331052484151
ck_cb83b9f806e90dc6,0.600532666710525
ck_8c6f059c95872126,0.36308186256983144
ck_3174419a81e7caf2,0.24320189568883285
ck_6a0f8f8fa4a3c2bc,0.47709067539512845
ck_b5777605668bfca1,0.42043091394451604
ck_27e4de495abb4d15,0.26813659216018093
ck_7f6fa79c7a107161,0.3992209022427473
ck_c36ed9f8e6792ea4,0.6582906644122543
ck_67a1aa88d2ea554a,0.7912165950386925
ck_09748dfe4df3d540,0.15423463339452725
ck_27fd85b1e38b675a,0.09185873751406855
ck_2369689bd795ee10,0.2815968539622445
ck_4eb1c12f7d092bac,0.045905988789864204
ck_01fbafc42c8e33f5,0.4823171007473207
ck_93c4e05699b3b7d0,0.11905100970387258
ck_afc484d1b6907983,0.2981283865530582
ck_1b2d9cae92a1aab1,0.8449919449059762
ck_73b729cb161487f2,0.1167039859574876
ck_fe3c1d0ac090d960,0.7424613323157319
ck_408efac1d3885ff8,0.9009447396028938
ck_ccb4dd9d0a48a76e,0.29189978528426463
ck_2987eab34ca7805d,0.4699651661055658
ck_1dbf1f15193197db,0.9121105761294139
ck_4ed711fe4053e74d,0.4471656777001104
ck_6c54adce174f45f4,0.31832166304732973
ck_a6c740041faf0bd5,0.4364872612714971
ck_b05c4d33c4f43639,0.4554965835754163
ck_032880f1114dd51c,0.5103706565007392
ck_22311b037456a76e,0.027492833082289465
ck_5866b413549765bf,0.21199000036445176
ck_0e808afe2570ecac,0.5693253300338175
ck_634276b05f4381f8,0.23699763834514373
ck_5d8773badd0d4740,0.5857608022901156
ck_82b5b79ce3517102,0.9653577102439962
ck_b378b8d8100ee4b1,0.6954406555450607
ck_54e581f71be5430d,0.10217995821567807
ck_798ba4b8aa544fea,0.28999724205610944
ck_3fe86b6331ff95e3,0.8522142173459905
ck_81275d9d4c559e6f,0.6011365094932701
ck_99a4e5ef02d89493,0.21102287183211318
ck_54e2eb018d947790,0.42040739857839154
ck_966901ea9c77cc02,0.22087930445406515
ck_27d69ff4e0cb428c,0.800344653988633
ck_2cee2dd7bbfc09a0,0.9660810384614118
ck_4136b00924695ab4,0.0013224318205480373
ck_59a164c40c03a45f,0.7264866117754145
ck_3e24b026bc66789b,0.011164521160617778
ck_8105bcf69a75ee47,0.5191855231831672
ck_7a1782cefe26a456,0.7464279249614401
ck_970c7dc195161272,0.2057595066568639
ck_a48ec0c00ae20e82,0.7661167525552226
ck_54b374ade34e1dc1,0.17692200627672985
ck_74e5dec189761d14,0.3016787532262737
ck_4717f24f2c6f40e1,0.867468240400697
ck_fc8cd8a8209e802d,0.3134937868380072
ck_71db4131d7efe218,0.2932062521820449
ck_45424ea6f0bc4650,0.9047804405388373
ck_3716c6181a5035bc,0.6029982570666307
ck_26de14b96bdad4f6,0.05396813787517626
ck_99c0a41ac9c73857,0.12686602492652088
ck_645f15bbbcff3b4f,0.9590938810590007
ck_b7e25ddd41514d4c,0.22238886627794335
ck_d5c14e877ca7b755,0.5421674024123401
ck_05ea4440dac6cfad,0.472110104016772
ck_c58bafff7b1955cc,0.46742522860824426
ck_f0cf85b67a9b840f,0.58760890939753
ck_ce1500a7f0d03fba,0.6375516758675972
ck_d4972a775aadbbc8,0.36131192295829606
ck_3eb6146c262e0fc3,0.40343441274210556
ck_afb23858a4ef42ed,0.9905052314867557
ck_2c1def5c91c52a5b,0.8844728143304608
ck_72e550559487b919,0.1805065369863329
ck_0284dc2b4f856b3a,0.8431766509919727
ck_03be334935e999a2,0.45420564958237664
ck_e35a4b4a3cb4cedf,0.3329438595714628
ck_5abe57dfff4b735c,0.4046929300826873
ck_f5f87f772388efa0,0.3758632316319981
ck_5a22cb36d612236e,0.025024611994378946
ck_8ff1e6028e764472,0.9452888388959468
ck_2ab28149b0986642,0.7354457946245397
ck_c88fc1bac79fa6d3,0.7855187499884356
ck_5b137d74bba6b1b4,0.07434120993843499
ck_11f362dca2dfaf5a,0.3938316005463598
ck_7f960541e5174565,0.009849765526470437
ck_d5458ba39ae94498,0.5353416254562829
ck_0a921a73a90c2e39,0.6819716181997078
ck_6ad56ef40086dbe4,0.3450588770027898
ck_b68199ecccf2350c,0.015620029802074317
ck_6dac66c8198c07d8,0.6137900141184296
ck_9b9ce7bebc235fe8,0.41292435180976744
ck_6b817117d87063a8,0.3775254886249101
ck_900d62b3184378c7,0.11304290939289123
ck_eafe9b89857149b5,0.4367233854000194
ck_e74716a525ee5b24,0.18106716939149234
ck_4e9a6f06ab134102,0.3407257553257171
ck_b0d33b5a3716661d,0.28668449540925783
ck_8703543bf3134306,0.549759321422446
ck_923d6a0f83accef1,0.5521173549029724
ck_52e37e2170532e2a,0.9209942222144649
ck_c1c5ea839c58958a,0.7102434407200864
ck_660f0006780e87e7,0.4450029726933117
ck_830b2c5d1818ac07,0.7071006695309388
ck_b080ff636932d1f1,0.05678205814902675
ck_38730aace405f2ae,0.9900597418776068
ck_9790138467a06223,0.042939553878918985
ck_10de0b0d86b17839,0.32773554306692065
ck_c3e37a4d3382c32e,0.017953629091526722
ck_dd8edfefa1eba531,0.07868017015200915
ck_8153cdadd300d234,0.1442899423675046
ck_74d0e7c2c6b63d36,0.9878570342979189
ck_c478aae3031bb328,0.24743984037926514
ck_cf301f2194975866,0.266533600733592
ck_f4de03f44e3a5bd5,0.3372386905825015
ck_b06ce826e593b210,0.8415987063064241
ck_2fc70b6baf6a0e26,0.3988731848749689
ck_d208494cf5c90047,0.7423437747969303
ck_086d29ccae565e5d,0.3860790039058362
ck_d5ef6dc116dee408,0.6442342360138462
ck_fdf0c5b722d83464,0.15803458413027213
ck_de8494b13adeffb5,0.33907688731266317
ck_556786868599143b,0.45655530406056644
ck_4940e78cbdcfecf3,0.5645766304112929
ck_d32fbbfe32c00416,0.8186569199161099
ck_bc7710f7e9fae649,0.16669785500055503
ck_416f7ac57da081a3,0.6874769815170553
ck_6fb39b60c67d5475,0.037599426839662727
ck_e40a156511345d6a,0.09606983329063568
ck_49ab879b5aa7fccd,0.7662309765262835
ck_bb643194d1cbc47c,0.9874866849118913
ck_b3ce8f1bcedfa043,0.2036783929596544
ck_558ebde8c29132a4,0.5473847104691852
ck_e6222925762273b8,0.9426710401777296
ck_bd80546b4807dd59,0.5995603669805463
ck_bd21164bd2bbb635,0.8443267828979951
ck_ea835557d7043667,0.2405304539317803
ck_1411a80a157ff39c,0.34040589596272314
ck_ab973888c20c9120,0.8680088715194119
ck_95b48972061abe82,0.14752198105264208
ck_fc4a43f8876bf10f,0.9571179095145794
ck_f34fb7ccf82f41e5,0.3254615156187746
ck_5af9934a56801ac0,0.08982359066929363
ck_fc7445ec76389a58,0.8942584493679515
ck_1eeacc26f02fbba4,0.5893708665476814
ck_4f325dd15c9bd45c,0.6737000133677994
ck_5009a6c8bbaf15ba,0.274487093586436
ck_0f3de7f074bb33af,0.16671381992332282
ck_2cbc2f93a32eede8,0.5550086495907962
ck_4bb90a61c21a303b,0.5809045457920119
ck_3ade9eac7d7b0dbf,0.8508036173863411
ck_4859a58629622915,0.7192045514850803
ck_5fed957287ebca03,0.3650835836712293
ck_ec01ae5351500355,0.1265831408636584
ck_703b41624ae6a5b6,0.1442082253148713
ck_97c38e7f61c27e47,0.4026858572517104
ck_db2c0908150cb2cc,0.6992963577674488
ck_64ac5e6fed86ab60,0.9470143430299637
ck_da1c853b0a061e83,0.4137926990098162
ck_9a36916b60178ded,0.9754625920945144
ck_3715bfa7fed2c675,0.21978975348026822
ck_dd3feb77d7d4f6d3,0.11728501619004433
ck_982ebb24174a4ade,0.38195616653433984
ck_f6b7a10d47dd9a1f,0.34254951850802695
ck_1f56fe99f250cdf4,0.5096123711650306
ck_deb3ac0606d6f6db,0.24760788792110036
ck_e666629e5a41b39b,0.19894140588720735
ck_756d2c13d02b3e09,0.40205604890297514
ck_7bc752ae7cf5d55f,0.4455356213506426
ck_fc0cc4b25e6a8194,0.38311165016994136
ck_9b2b0e286de78a1b,0.4266699123974846
ck_24b0803447211bf3,0.7250874180908594
ck_82eed68d05a42128,0.7783699058646876
ck_c8a03c516ed5b05c,0.8269394442161901
ck_e914974cee1bccb1,0.5898670621888777
ck_0c533ff2d0f9962a,0.5886341138733333
ck_c12805fa5d970a83,0.7637871896294469
ck_fc2cb29918631f10,0.7681567643226543
ck_c20e89afe575549b,0.06784235598180599
ck_e1ff9e31becc27ae,0.7070347013920597
ck_18116d0ac08f1996,0.9602823938970266
ck_885a83975cea5e64,0.33818138492376604
ck_a0c3059a959ba5d1,0.7718770161876043
ck_75257ca7d7da2861,0.40407027563635595
ck_2210f7a0d13bdbef,0.6141495697793294
ck_9cbd9ecf8374f65f,0.568666438580365
ck_18f67c00ba21fbde,0.3102471888619739
ck_2d28f14d3973d8fb,0.5414847441066751
ck_8b3401b44aaae728,0.32358998341120543
ck_9d8e9ef37797d3af,0.9833133575173613
ck_9f50920c894f64e1,0.5903990982962424
ck_4737e0d56c6fa0a1,0.707217614499774
ck_52c311f29ca3aca9,0.051564047276245646
ck_6a4981bc721df37a,0.7523196928535526
ck_823539d936c55fc6,0.13440794072051535
ck_df5aedb4118020bf,0.9866054000618324
ck_a911a066ff0f7b56,0.5993871837181456
ck_684609767df4a14b,0.778031973131118
ck_f2350bf355dc919e,0.32676486497782775
ck_8452b6cf97c65a5e,0.49889829480218806
ck_084cd84501012218,0.9664807772271398
ck_ace6b72e5bf3e93b,0.7834199594616031
ck_2afdd69094c955c5,0.7742039483815751
ck_fa7d5be26bf7b31c,0.9345097132191749
ck_4b041217690fca2f,0.48882289259734
ck_9fb8e3d38cdf276d,0.955371701278182
ck_c1ee56d65a42f59f,0.8695674274684821
ck_fdeaa1cd085691f0,0.7462392635831939
ck_5de33a7a87e9aa62,0.6572294937272385
ck_7476e7fe1ff45545,0.7521227427389393
ck_b0a947b498e47018,0.2748445053224534
ck_e3894ed88a7977e4,0.1634231830107237
ck_c7e07ebfb0bc15f6,0.5885059431613431
ck_3a3daa8b376f2a18,0.027535556652952875
ck_87809324c2675b0a,0.3729365832849283
ck_7eb4f33260f1dcd4,0.6150675236545368
ck_ab9f0e08af030060,0.6994062390998497
ck_5b8fc4a76f340797,0.6430080450597527
ck_0e7bf10ef49aa818,0.8564473325908404
ck_a44462a3853ac67e,0.9868384969175972
ck_2d14bcd2e0fc043d,0.2147594851607837
ck_df1f2dba802296be,0.9581571509972817
ck_466a7316eaf149b1,0.8626720780278964
ck_50df50af592b0c06,0.31937858135965513
ck_5f9e34c849704b95,0.17979957023263793
ck_7836bf6def26aa87,0.2859512568145896
ck_ba175b1bd8efaabf,0.20848648389154606
ck_1a0aac7f7b94b1be,0.9069841572094444
ck_6768c4b2aa8ce586,0.6986750186870198
ck_eefcf0ed15897898,0.4750187692592357
ck_7a6cb27e390b6ceb,0.212707670577305
ck_5275be4e1577c1c7,0.2229845460673655
ck_6bc0e5b8c0b7d2bd,0.18547096290998238
ck_4874bdec79f9106c,0.6689118334563827
ck_a678731156ad7bd2,0.8935077499526738
ck_db906debc36a5d1e,0.8034547022503393
ck_e87897767c612942,0.5932225324063929
ck_45ed5ee496ef8a67,0.668640445934584
ck_ae20e28f9854f3ee,0.7690220842499456
ck_9ee044b73943a90b,0.2745235466025707
ck_dab34cf6f0626c9b,0.8178711731165695
ck_64a02b7b96149810,0.06171902260884464
ck_c417d06f3e94685d,0.38527365236080413
ck_3e0149cdee4cb294,0.6764701107140977
ck_0e6046fc30f81705,0.2991056059945886
ck_c383aeabd53e9c89,0.8774465731801104
ck_2ef76f1f36e8b869,0.7708894898278684
ck_43948784650bb9ac,0.3980247132183207
ck_bdb966f43ac350ee,0.5082755057966306
ck_5bea0e0ee0b094cd,0.031367924041155675
ck_dff090f03ca5529e,0.23803507765502135
ck_a4691b57f837d88e,0.45257559323290886
ck_99ee90946395d74d,0.9391055016636518
ck_cc81dbc83a8879fd,0.1440789552459923
ck_f3dc0725621b3a35,0.14089679403392205
ck_1bb212d1288b9689,0.6887420402100746
ck_9e7278fc7679f002,0.73916595622352
ck_3ded7a8720d7e311,0.23416270769392952
ck_798157bcdb9453e1,0.04750827740051715
ck_9fba80f56f357fe1,0.24389531224255118
ck_f1e1c8491f16f912,0.37892740330723945
ck_7b1319a5ca2f63c6,0.9904671568297356
ck_124432fd5c92af7e,0.9354965367629748
ck_148cb0c723284dc0,0.12422923401277827
ck_b56c62c950eda009,0.2632984445097274
ck_a0498755cd8d7188,0.01474440295657768
ck_5379452a9d74efae,0.10115343837397231
ck_6c2453229d608183,0.7202618663383584
ck_f9d8b4813a88c1e6,0.17229875636842126
ck_c2c7d1e45a521857,0.8372427720791631
ck_4364a83a11743888,0.24637888570326305
ck_2cdf5fd97ba75e06,0.8588397106396937
ck_71bc01291e0533a0,0.5619129905836852
ck_a725d7aed2a0bdc2,0.06707682647772387
ck_a9b0c4dbd7db6a91,0.7827506708239756
ck_a4258806a533efa9,0.5347532253123086
ck_905e460591d9a278,0.8126959760804215
ck_20de8abfd8960ee3,0.8067603852607567
ck_252b0a0f1119b220,0.2848875811408132
ck_95e4bef65c36af1a,0.07766395722850886
ck_5ab68b434ad53fea,0.07067175437150194
ck_13677a1957078827,0.06231185565744839
ck_d251e9fa09e542dd,0.9992309209391634
ck_700cb620f300dd47,0.27455394507319025
ck_39a68c55a1bd3ace,0.8928475431333189
ck_61a59a7944d6c53e,0.912041093910855
ck_db6d1c6d31da967a,0.3825911106036406
ck_650020c500b1b50d,0.28302473421056384
ck_d812eb6930192793,0.0388920727395576
ck_92f6ebc11ebca89b,0.7167740085132374
ck_d87e26eb5bc84b01,0.21217159810626365
ck_66439e697695224c,0.17950800089245558
ck_f21efd504faa654c,0.25612491470881726
ck_15eed0f5652f0352,0.4415423603230085
ck_bcdbf57d98dc0d27,0.5347256735825074
ck_873ceb8004d3a9f7,0.40332343205281596
ck_70bef9ddd4bab005,0.13651804725647249
ck_7560f1891d66f294,0.03911819622485764
ck_f439f16f8693883f,0.562044891384369
ck_14f9535e53f9c7a6,0.62646847521866
ck_5984be472d2bc267,0.8879936110920368
ck_ed01be7504dc4187,0.8476624678380792
ck_dc3d8b5c17b67ae9,0.19132917931567378
ck_9dc23031b6b494af,0.8613387267391766
ck_fbdac0221bc03f66,0.759608816780321
ck_863708a99b92ef0d,0.5039329960263021
ck_22b52654776a1ea8,0.9463922108676291
ck_a0714f98001efa0c,0.5370219912968452
ck_9c56114f84e9a541,0.7650037764812709
ck_e155cf506b2fb699,0.5485876568550629
ck_65ed7e72f24731e7,0.37462875194153755
ck_822d6e8e43befc72,0.967170373426195
ck_b1182471d9ac6b26,0.09428392875633246
ck_821446adc95e6da5,0.29230820932731255
ck_ff182f033134dbb8,0.6812255676980733
ck_9c5feef7647b0588,0.7838406183387254
ck_df935d8bdd44883e,0.454297061003249
ck_01eb24c18ad11fca,0.6959701866636646
ck_00d6730134a1eb51,0.29351075917223746
ck_79ba8e85678d0224,0.5436802075179896
ck_97e3b04a1350f6e4,0.8019201839513903
ck_74e9747954a46eaa,0.4739395252036442
ck_397d5fcc9972f909,0.5010378358508305
ck_9ede89e8a43c3f53,0.8152853945098576
ck_303b33910d67f306,0.09564939042252713
ck_3c17841636f6f7dc,0.45797006612693636
ck_78730527f8ba1438,0.8296621690781819
ck_5ee32bc6bb5d1d4c,0.861590725524497
ck_a13fee8cd925d0dc,0.4997445322679844
ck_6f847263379f2e43,0.5670280934945301
ck_9b9d9e579e7b55b2,0.7529161657248803
ck_87c1d0a79e79c84b,0.40741736685153424
ck_bfc453eabb472f91,0.16660656932272674
ck_978c21bb5fe3171e,0.7399621002072354
ck_dd882323474431d4,0.538315340012676
ck_533c4f7400d5ab22,0.8954599901219571
ck_5f217bfe28954e75,0.9941545955012747
ck_ae96d35465b3b4bd,0.2387812184226254
ck_512ebe97c0af94dd,0.805430980069744
ck_f558fe02bb0219b8,0.599084785175761
ck_84092e23d5ef4d51,0.4898673955436519
ck_17d3022ca12eacd7,0.5965409370578068
ck_8a8f81bf3558fd9c,0.2364804323265837
ck_0ada6fed1864e7c4,0.6314955002563734
ck_21fe7bc59dcd78fb,0.26230008894778917
ck_e136e20c1c74fe38,0.261896404084354
ck_e7a530e09d113dd7,0.833274773801583
ck_7cb0c9ded4d63027,0.6698162371316134
ck_102db9615e722c9e,0.7206605960131673
ck_129e39ddfde92eeb,0.015756273241418026
ck_d730ff21bfd7769d,0.5627479120403568
ck_54459b45d2be8459,0.24345275964019014
ck_7f1c20319eb60aa6,0.997621965233029
ck_939fede90473e412,0.6059726744389597
ck_e0f9506a6d5f4a1a,0.12013104684136958
ck_9a4967cdf49265cd,0.8892498942417666
ck_b9eaf03453ac7d5f,0.23110709555296394
ck_522477be6376b450,0.5102103754112743
ck_9b6282e3bad50710,0.7260996849166526
ck_a0e3a2facd508e49,0.7492180235941829
ck_97ffae702f7c3d08,0.07193277670084443
ck_344a95cb7115ec67,0.3595353162512791
ck_1f2760764afa45e8,0.07252986212213854
ck_720cd658d11ea428,0.5438626886076765
ck_04e32ee9834c088d,0.9003249318973807
ck_2bb1389e5e72c8f4,0.6635506960397627
ck_961e7dbc217cfbbc,0.1195338711541059
ck_f3bce4eccfa6d6bb,0.19585771973244376
ck_e0ccfa0d689339be,0.19256313672213743
ck_98217aeafa0bfefd,0.49941195126399374
ck_a02aeec1914c158a,0.4019652500320692
ck_20a17e8f206a14c8,0.6050493688341734
ck_114c32aad4b6183f,0.881268939925091
ck_79f5198f0decef20,0.01329875561266575
ck_2209de229b4c71c5,0.4249841948273432
ck_6ee939b7f396975f,0.3781698562645412
ck_202f0c14b07ace01,0.8674314811095791
ck_fa24db9d416ab904,0.741178380784076
ck_cf6aa24b92c4d33c,0.9121693548888147
ck_45f57fb8194cefc8,0.16978851452578334
ck_d5eb179dc45394c6,0.7876753101837497
ck_efb24be983342f75,0.5520730096914234
ck_245f5d62ead5ef28,0.281042095570661
ck_15fe2a47fa7e92ea,0.3232312563092856
ck_b6527a85fd682554,0.6792316130490459
ck_11f9390a11ce9ff5,0.8149060535715268
ck_ffb4d892c5158201,0.047310534203998306
ck_d4c1da5a1427fd6a,0.7739544900620898
ck_2c041b1efb1c5063,0.23107235444368443
ck_ecc18f40b33be769,0.9205781219850163
ck_0525349f3945375b,0.8390106032428905
ck_0bfe62e0c7eab9c9,0.5971468882883599
ck_b7c37d410b1646c2,0.565559939875413
ck_4b15b0746318cf42,0.8449786107150132
ck_e5ee006ecd8ff661,0.5743385340736454
ck_ccc83cf66365357b,0.7791306059231875
ck_34a33ffe8339f66d,0.9785803165426215
ck_4e39e3b165edab58,0.9028652659356551
ck_1a71f8081ae00190,0.9839027667522547
ck_ed8f1200fc049c40,0.9693807571922836
ck_8a5a57858e8c77f3,0.804619177438244
ck_fff9fdc2adf5100b,0.974070371780424
ck_c76f1bf40f3b787b,0.014774801427197256
ck_1a6ddfeef82b1b1a,0.5108529054010061
ck_478d2667aa9896d9,0.306998266429119
ck_641c8e7694b21f3b,0.6078102940962296
ck_293581d879f6663b,0.9604229799750303
ck_1bfa8abdb22be8f0,0.18005034391802566
ck_05ab5b03d0bf9ce4,0.9094777313133785
ck_35694db37f0cde7a,0.05551761200597396
ck_fe33eb743d714c03,0.5052318222147563
ck_abd10fbcbaf2b038,0.3433590869486749
ck_46d51648c1bf80e5,0.8410467591785846
ck_5c8390017fabfaef,0.45264568800143434
ck_87d55ca333f22072,0.030631964448713068
ck_c39c6a1453e2b92c,0.04127848650886526
ck_69ff1b0aa143a168,0.05056652027328751
ck_e57c79eaab35ded7,0.268050261670979
ck_463ae759e2b6ad1d,0.7109778689376131
ck_0dae4a7eb587f3ba,0.5144055062650735
ck_9b12fb56529ebc4e,0.6752929138851965
ck_1af547077ba2dd03,0.8428042834241066
ck_de13de941bebc7cf,0.03580040412341012
ck_83dde7da2bf647ac,0.038062899553417906
ck_c80a94d4660041fe,0.2534728971653174
ck_f39cfeb277ef6528,0.14984184961017868
ck_1cec1ed1512a2d3d,0.05731259835854982
ck_7955a359b6448799,0.03530482103218021
ck_8c0955dad13c3ca1,0.3665697203949526
ck_6d4cd2de601a2308,0.6221172801710116
ck_f4536ba8dd2d551d,0.3852902298335384
ck_b379c198d6db2d62,0.8040551212193743
ck_76ea90ebc74bcdc7,0.6535991219082449
ck_734f06bd4aa92781,0.82699923206651
ck_677e1d0c14cbf569,0.20665189150703386
ck_259271c70f3fbcbe,0.5374474796195496
ck_c0b744eb9e7d4eb7,0.4957846067177577
ck_3d41faeb96802f68,0.05683701655376444
ck_8f604fa70fc3c8e3,0.21794305200472588
ck_0b3c3bea0e0ed339,0.18936846987808426
ck_be5df076b8a86409,0.12233335788010463
ck_6a475fe324d7d790,0.498515530050147
ck_3ba3fa5387bacee8,0.020219458069275262
ck_324b9939d9c1c31e,0.08601039600855534
ck_a7fcf7b592f68ca1,0.7769704059051494
ck_5b2728f7cca414ae,0.0010392414827023707
ck_5f4a25ffd0b85a47,0.6002948306751474
ck_63d4f5076fe4406e,0.08370569929188097
ck_af528d66c86f0cb8,0.5779864924562924
ck_ac7cdb9b8da7b5dd,0.8741969479313195
ck_3bece63711407e25,0.6473499422801149
ck_d4e0b2a12fcfc35e,0.26305473446077393
ck_ee3e7c9d3a9c74b4,0.8969026101931115
ck_50d7c4dab837bf66,0.3734444012102325
ck_ebcb93a2990fc914,0.8637139502424035
ck_2329cc9702cdf7a0,0.8821435576796685
ck_db1fa53d588bf99e,0.5863356522341132
ck_44e57a0bad5a0745,0.5083266083696307
ck_472c81a144f4631b,0.1655524622741453
ck_1658429acd5306ba,0.38050113109717204
ck_466103ec5bd9444b,0.6468169873478007
ck_9757163e25262b74,0.19839401740704135
ck_34ed59bc2c9b0186,0.26615438553830534
ck_b7bd3a7f263f4f29,0.7228485637700203
ck_149662b09d632e41,0.4062865334160204
ck_a9ffd6b3957bd41e,0.12458646521685655
ck_ab80466ef615e85c,0.02547848060586463
ck_f2c824d3473db24c,0.4126486216493089
ck_a4a01fd45936b078,0.6877685508572378
ck_8f6ce158c2902877,0.09919312547733554
ck_5189a302cfa7cefd,0.0034052574246127175
ck_430a3d03be588201,0.5040374353631544
ck_b5f9dd00914b4db4,0.6255806135390891
ck_52dec82e9cf6135a,0.3570531484224392
ck_95e444a01e2ab4a5,0.4958461064749328
ck_e37cee7b123692af,0.7013580827281802
ck_d68d42858a55adff,0.7936246317353303
ck_3abfc010091d679d,0.5600411521011328
ck_cee4e4e1b62bf82f,0.5448009500443115
ck_9ccb17c35e636c5e,0.7987988196805593
ck_f72a5a3b0d6c1177,0.10280845119851094
ck_7508aa554fae6afb,0.7960940779231737
ck_003aa842b7ca1d77,0.9480622697899859
ck_83b2b192f41ee2bc,0.7112636900072635
ck_64796b6b2c3c7f06,0.6713954971830642
ck_6438ae81d43cb196,0.6215526114021754
ck_2bd73d9098504760,0.9029230356041367
ck_aa8b9b36a099e4c8,0.4553523576746887
ck_e5ece47d0dd10526,0.5404692694761853
ck_16077ac345472e6a,0.3266912561296224
ck_a4d6e152b0076964,0.14703034405911933
ck_d90b1d03ae151f62,0.43563624914901367
ck_18b36d342b530af4,0.580015981296505
ck_2a01e610348b84f8,0.5350280366478177
ck_0a93ed76bf36c8b6,0.5247792351715551
ck_3d56b477fe2370b6,0.3499408475807955
ck_17ab3068fa303682,0.18628236900052952
ck_592a3520d841d11b,0.702658585346415
ck_84d07028b5fca2f6,0.7077628945321321
ck_f4a2bb10afa85743,0.08155782437388677
ck_4fe4b072f03f2c1e,0.04516064110416574
ck_9ad08fcc183ea1e7,0.3887954582132993
ck_130d3848b9dcdb05,0.388133233212106
ck_bb399ed6bf28c230,0.6935304361305048
ck_a31a64a39a2c4941,0.3836225856339727
ck_c49f25dfb39909cf,0.8919391933603812
ck_55f50a9ae2db8ff7,0.1823058659775687
ck_09faa4e771cf876b,0.30226219818162153
ck_df520a7a6e405889,0.8769299797115169
ck_8c8c98cc694ac900,0.45915656078312395
ck_7f0c4f609673ef62,0.4067655293786058
ck_f51fe59cd445d2cb,0.4238470908373006
ck_b3fb83f0d772a831,0.6751089014205935
ck_d6e7e257751c299b,0.03994372958827338
ck_0d362ddb4a1cb6d4,0.09332004350576507
ck_a574a08edaf81781,0.3181261540416629
ck_a823f5bcb0e4b9df,0.061479258657598373
ck_f792586ad0381eac,0.6586016224889146
ck_54bfd70022c66983,0.33310979866549006
ck_fe0a9372c9372de9,0.08410754650541696
ck_5691cd6fdb6d8147,0.3951657449169852
ck_a95f212a02433d23,0.584196588336483
ck_f5adad75e1c06731,0.8963346078765346
ck_e09c97520eb0533c,0.5616549372528495
ck_a1e13c0d58560340,0.33505738992113016
ck_cacc2ca410cbe80b,0.4096710867382526
ck_c0dde2a6ef1e08c5,0.15855157413981852
ck_a04403073c90ce38,0.05343114657918531
ck_03d3026107175dae,0.4124348232640526
ck_50176dae5b1b716d,0.18203197346700933
ck_6c084bfcb38e96c3,0.8686160478498979
ck_36d2be9012f7909e,0.7174650103441645
ck_958acf84c6137a22,0.6823903491609611
ck_114722e12db90a73,0.01675309742844019
ck_203c2a22c0c165ac,0.7605487901238112
ck_2c44ca550e5cfa82,0.5142892641121743
ck_df0a8f20ab8f14f4,0.503827673341575
ck_826a27ff7555192e,0.3997608305455262
ck_09a988ebcf062297,0.655302912848962
ck_5c82444b3b9160ae,0.7871466978900954
ck_f6a4a7ed27fe76fc,0.6975617718151594
ck_17de46314b5c6a92,0.17960525084982942
ck_335e63101b1e6c4c,0.8314099989554649
ck_c5eefc0697451de9,0.8482699504435482
ck_49a0efb5d4067b6f,0.9057238376960378
ck_c1f4509c8f5dac5c,0.7265744736395324
ck_57658eda1c59bc52,0.03722574390589432
ck_0d5c0736ec76385a,0.01466158654705563
ck_e0239e6ae30795a7,0.5120274714981026
ck_e4459115cd8e5e4f,0.3186432343171789
ck_bb4aec09d4968dda,0.7639003142436189
ck_a1b4c96faed3e0db,0.4845586760659344
ck_8247b79ac67aae7d,0.8197465611558764
ck_fe2fc7d6e5d83f09,0.2615353525256126
ck_f6aea576cde8d592,0.0339420803637599
ck_b7e7f7d0cd886412,0.7726757909031243
ck_ca7b993e8286af7f,0.11735287676771777
ck_47de038381a9cd65,0.5616188807776676
ck_d38f941d09eec820,0.44897149325488855
ck_d9ba2a6c0d926b4d,0.05882711537105437
ck_cda72f597330d0f3,0.15270011509557818
ck_16d2d27fadeeacf7,0.14998142659726316
ck_be05447853d423a9,0.15015106030290948
ck_cd92852d7376a4a8,0.06696431441351822
ck_2faf7ecccc9fec58,0.03538500670989748
ck_db8733fd92f20cd7,0.1790525106400843
ck_a9989a3a94c26634,0.6371572888314484
ck_957fb25437c75e41,0.5104353995396855
ck_e6a6caf6e7de17c2,0.34686799062823426
ck_f7bc569b37e8bdda,0.5171237079564662
ck_703b375dd86a6124,0.7825775778275444
ck_d3cfb3603f2c6ca3,0.7833006900359464
ck_07cb2b6f2a4303e1,0.7314774900719764
ck_31631e2028d4f855,0.7160123896297879
ck_1631bab0ba1256db,0.6981305672136418
ck_5fdafeaec036f016,0.5600907232992169
ck_6eda4c36aecad602,0.5425348147915798
ck_bd1bf9e3e29de281,0.8112423462751257
ck_bf378ea558a4125f,0.9394978705179624
ck_7aa2deeda0e57412,0.9684677585057027
ck_d229cf7f5a3f38ca,0.23582438761394964
ck_9e109edd124492a5,0.32513814217610076
ck_779491819995625d,0.8527923105717591
ck_b89c6fa2ad0a12f5,0.32655549949720103
ck_1d01b4a609918c4e,0.9821151503110963
ck_714c5d7cb17bc9f2,0.29078338539660253
ck_269f1746f2609ed4,0.13814972524682584
ck_4be03a2aa62b93c7,0.03241887807393547
ck_cf920313f6dd28fa,0.2071487899641662
ck_fb00aae4e17740c5,0.4496553411834119
ck_085d8c42739e2b10,0.9929530547472691
ck_c72a7d0d03cf3e17,0.8508734058798835
ck_8f6ca5d3b17eac6e,0.3314708410296888
ck_d9573100bbff4014,0.9315335839399908
ck_79d6793d1d0cf43c,0.08061069712799275
ck_91fa5032f7aff0f1,0.8416331411407205
ck_87110d84872c0fed,0.40160964046887654
ck_8220da627e9992a5,0.03863796550642912
ck_2ae44938847f3852,0.13285262805321618
ck_b0f191e44f9b6f35,0.7210620466857505
ck_3049d744b527f4d0,0.28796328483419287
ck_47d3e8d1dd3fbcef,0.21161530833976416
ck_ddf787359d2b5deb,0.0074413322888798785
ck_b27a9e39726b26d9,0.10793496038445013
ck_80c4e9274cf976b6,0.9961295579547771
ck_c6afa913168ce8fa,0.42351714056511475
ck_52427b3f8478db19,0.5751326598755224
ck_3b810f15ca0eaa55,0.31452697377519445
ck_0c9e420f97baaa06,0.975181419938507
ck_f8540cf3a8b2f8c9,0.8419459642617277
ck_1402d24dd623df72,0.2657959292342943
ck_eb4f4267e24d042c,0.2955939813172549
ck_6f661b428d6fb8e4,0.5498184064568299
ck_519a26ecf3d29c90,0.08217188380886788
ck_e886ba71d4a6fd73,0.8980704189287569
ck_437f9ecd2016a1a8,0.7603909237571372
ck_f01af1b0c977cc06,0.5864637326801339
ck_614f777c2eb5d537,0.6287027708918258
ck_b804e784cde9af8b,0.7158473693607103
ck_c2dccbc1b24b137b,0.6640292148513361
ck_1df4a1781a0f6999,0.787038834739533
ck_bd2cdd53fca26171,0.42431429363974926
ck_424c254249a109f0,0.5550120734045065
ck_cf2ca4f286e289ba,0.6698494468659769
ck_6c33cb15b0d8af54,0.6772074759384124
ck_311d395fa9b8550a,0.133558585715992
ck_9f792e7e721ff7f1,0.17615121530903818
ck_4c37586080edb7fd,0.20942370076018738
ck_7c4f42c5397113b0,0.11429353453805868
ck_fc418f53ce4aa579,0.9667051888055846
ck_1ba28fb7ef726ce2,0.7618195970873622
ck_d932f98bf6b83956,0.7980019728809079
ck_248b3659a9239240,0.5257986913768266
ck_6a92cf5f4cf5de38,0.23904098366031618
ck_65519d0fb137e0c5,0.391337107617476
ck_ddc3fc99eaba2064,0.6348046070805011
ck_7310cda3bc65a73f,0.3530834382380039
ck_c01c85bd631d4054,0.04694018481797066
ck_b4954d16b9749829,0.5760179359562733
ck_f301f6758e170d66,0.5583641198083112
ck_9bf95f8c47e7c7b4,0.24723139372358804
ck_c91b7fccf6aeb4a5,0.5788618130268058
ck_785fa45e86bc5e95,0.6033928601117933
ck_2a65f1cc23f1180e,0.07075759805378155
ck_a49a2c1f881a3560,0.145109817726358
ck_def344d68f06d749,0.3064474541352427
ck_abbd1465fc730d78,0.7039919366351348
ck_07a5610ed28162fb,0.6172804124093859
ck_7ecdee2d7127be8b,0.53967229693349
ck_67858bc00e81490d,0.048117075371888696
ck_b4ad165ace910222,0.37685751535318496
ck_30753ffe481a1b8c,0.919914887892904
ck_c401a26725b17177,0.02428259785642124
ck_819988d8a7f26415,0.36438885175160857
ck_3364a1d9261b3638,0.6905704523060275
ck_c484c5bda389bf20,0.06485209942975315
ck_ae416325fef92c9d,0.9814506008530816
ck_5517b9a865960542,0.141147873994293
ck_a0e96fed380440b2,0.4506557697160835
ck_e83409471d2b0b44,0.7717254203754591
ck_127273af97d7827d,0.1905734344458003
ck_aaa9861c91bd14dd,0.4844927434041298
ck_a378c58294001a36,0.973372090304049
ck_abb9d65ff1f95b64,0.5486600760804099
ck_a5ecbefa849ae569,0.21045719397235785
ck_aa9953c0ca2bed7b,0.06208735381303394
ck_40bc6de252865f32,0.1741190957370208
ck_9fb11688dcfe1513,0.12907842687444776
ck_ba68841ca2ba073d,0.8578472290913314
ck_1d3e561a7d20be0a,0.989652326925478
ck_99a92d710a29c1d0,0.39051692598363935
ck_ede2e887697ffac0,0.05579110797558055
ck_e6de67c0d82a7b83,0.5218995627678391
ck_6b38763bf5ddbcef,0.4141502364888776
ck_8dd44eead7d765a5,0.5644464415174644
ck_30bf5b0056eea9e9,0.8889359991583182
ck_2981d16f8a51a8ed,0.7603137653521777
ck_fc60f42c68c7024f,0.8727042343780843
ck_8e2b2251ee224aa4,0.5375012129243545
ck_1906f0dfaf6e9bad,0.9266339010552875
ck_dcbe6814fc4ca0b4,0.8449702317126766
ck_f7e958a286ae3b57,0.5657877752675682
ck_713649668a7ca824,0.576757364495411
ck_6f73cdbf9305e2ea,0.6386503086596669
ck_dd1c490050cd9051,0.55644359347555
ck_e30db36e376606f7,0.8030095189161736
ck_740d8fe8028b5a2e,0.5292438256312844
ck_ebbc9418cd41f692,0.04290389394468986
ck_7b3cc6cc3f250f39,0.8414457951283767
ck_1d30eef7110809e5,0.8004274703981551
ck_77e0589ab339ca66,0.32202949954626625
ck_15ccbf8ff7d14086,0.5471579744339188
ck_246989b0c288664f,0.267058789213536
ck_fc2a6e27b10b10e9,0.10522394807253578
ck_8afc1112c12f5402,0.696549379246322
ck_a76e8d83b9141364,0.6165504170964888
ck_51d3e8dd7465c015,0.17723033362158555
ck_e7b4016909405981,0.11165411289251129
ck_e7a3cfb9bf908e80,0.701158195606779
ck_2bb49dc2388cdc1e,0.11751820331177867
ck_94f4266ee7871345,0.4416003460005037
ck_b2c896beec146477,0.48998161951471275
ck_fcf5d4a4748cdd53,0.07305382550214967
ck_fd0483639811f62e,0.7202344951404965
ck_9a21d183524734aa,0.5179185365742792
ck_1df4b46c0a4c317d,0.6460626481097992
ck_638df9e8a22dfe0b,0.5788895807656207
ck_65acc43a6dc3e65d,0.2810342033752467
ck_7c67b73196e3d0d9,0.35466682491910106
ck_b0ee3a98175b462d,0.3566978451342297
ck_20fad010969f1abf,0.16468209689225824
ck_54b087bd873af8b8,0.09335408179910862
ck_8007824431fa803b,0.24581736995022851
ck_23aab322810b9fec,0.49943690773906463
ck_c8001bdb9aafc8a6,0.5328045346997798
ck_3a34c3ac83cf84b3,0.3745586571730121
ck_60187ac2c473a662,0.9816947074429878
ck_6a0ccd7357979f0f,0.8826798461597234
ck_27f20337bef5ffe0,0.4625762517555884
ck_f9fc468915afe49c,0.8567545605788073
ck_1eabc15a94bd9009,0.4603744630008502
ck_26896c494b2768ef,0.31932252359802865
ck_348c874eaf0354f4,0.9029066741404161
ck_be9c46acd216b45d,0.6507251075090912
ck_a3cce46d15cc20a2,0.8566086227712245
ck_70804f60d9704128,0.8639093689821008
ck_a019151ca8e7527a,0.5640613523086017
ck_571133b2aa8ead51,0.36505489710746486
ck_0afa4449f20d5196,0.2573496097650692
ck_4d503c41cf4e5034,0.40610756640601325
ck_d6fb9cc5171e3e9b,0.9692117908254987
ck_05ed92a7c3e10e5d,0.38317305966114695
ck_bfb067986660afe3,0.6445906386589444
ck_c1a31690c8573226,0.16112765837829154
ck_cb88ef3dc1f42225,0.2174646589361966
ck_21e3b3bd998745e5,0.7692071058054677
ck_cf52e46fa54e4540,0.006844246867585765
ck_b72c7ac4208052ab,0.730013372816536
ck_e6465c56b337e6c2,0.24321076149809184
ck_5f87eb05d18186c0,0.18461099471227033
ck_263f6c5ff26b5e98,0.306577211011044
ck_e0b7e2c0bbe228d9,0.39274660822023644
ck_b657ae3c146cb7bd,0.08106921465312159
ck_abac514d8167ea58,0.4350413979185715
ck_024dcab126876002,0.591150500527456
ck_5d8481e2b38bd99d,0.376485147785319
ck_edf229c17d25dac1,0.8289932769815072
ck_6cb7c97b72d6b5d3,0.651942793717804
ck_c96ae2c28086a059,0.8400531782733336
ck_2f241b97c0f8389e,0.6416642063208883
ck_9158bdbb63ee8987,0.31022617848461015
ck_e7b40b60786c1530,0.2851330933625914
ck_66d38518f68e6194,0.06893725868518202
ck_8c9b57ad2a991416,0.14228800525709318
ck_cc91bd7152d3e9ba,0.6953216923943872
ck_0d846660c7957a88,0.4247021038463863
ck_60896cdac2212bea,0.7416347898613969
ck_dc4db8b932df49de,0.5510671036861285
ck_2dc31db181150e20,0.27988538683512665
ck_2f138fce1171e277,0.7419079795560204
ck_68b8b859a6ef505b,0.7336073818853645
ck_c3fe0c6c5e1f40f6,0.26680942116002015
ck_15886fe84866de92,0.49291037630959045
ck_ea269b35406473e8,0.060174593932642864
ck_3ce7cad1f69b71d6,0.4453743311702585
ck_054ed4288ee58d6e,0.8320384919382977
ck_3d4913a86f207fee,0.6790925583459582
ck_23ff85f9d2355e8d,0.28347254827653445
ck_d87ab3261322216a,0.04417614201718742
ck_fac046ce336fe39d,0.056288096698682434
ck_beb97e498e6cf8e8,0.8551496412363496
ck_1f517e0ebf397b51,0.4329137402960355
ck_0af57ebaa45877a1,0.2270744445024071
ck_f99bc1732ce5e999,0.7083189682896179
ck_abb056a9deab275a,0.5839434901942737
ck_0bfc394c5faa65cb,0.7068184882840124
ck_ddc865af1dd5670e,0.5442106219844686
ck_68b5542459638b56,0.4098013658980508
ck_0b1d84252c0b46c2,0.1572004557555061
ck_520ec32c4f253604,0.8262695430285962
ck_79ffcfee599d77c7,0.5329031902890256
ck_eb224c0fd146253f,0.6852863830283976
ck_0e477084434da450,0.6913160160007397
ck_07840bba5570785b,0.5563471366000816
ck_6b67fe8e310ab865,0.29224802493603985
ck_e2a1068c2fa22525,0.7176588074429762
ck_b9c6b32f6bd92a3c,0.4991077505487843
ck_c1e7d1021ae58f00,0.11610062998166473
ck_5d7801201749ffde,0.3359917955260276
ck_c8806749e263f70b,0.15525185540894676
ck_c9eeab826781dc91,0.6068237768274128
ck_309a432c160a17b3,0.23212997557194573
ck_b22e3337b8e3dbb2,0.4022635767337026
ck_79c30169c71b8033,0.9840563807462381
ck_5a6593d954085775,0.47577411758815635
ck_70b9b79ea1aacba8,0.6805309260444221
ck_63743141ffa11f45,0.33939775576657627
ck_dfd3dbd0d97a642b,0.3082726229494245
ck_635646a661f05b4a,0.38043204541956577
ck_4b123d6931b6d0d7,0.9170943907895416
ck_f2b0e7a47f442557,0.9785148706877391
ck_1b1df006b81d38ba,0.4137241356162068
ck_360237c1bd30f4bd,0.027420017315989684
ck_5e84bca0e362da20,0.7247842264665694
ck_142dba210ed2f3b5,0.8362245409738244
ck_a3564236069e3524,0.5299385930279795
ck_cf36d8b070ded782,0.4641084455977159
ck_ddd6625c5eddad70,0.007784310477045512
ck_ad54292a0b2f44ef,0.6367798758089864
ck_45cd5ef6b359e9b4,0.2953654431091637
ck_982c2392238b7be3,0.9076620408584221
ck_083e4ac78685c3bb,0.37822407637626837
ck_729cc0b46cc2e546,0.8622980888191448
ck_f2b8995fe5402759,0.21400487512487343
ck_73e24f5a8da289b3,0.8059028317858359
ck_bd85f30c36f5998d,0.7246369732930841
ck_ee4ff3aeadf912c1,0.16691156311984165
ck_63d2978706e193d2,0.4575566868952621
ck_6a0684436a1e66c3,0.9669002110043291
ck_182dc4a2f5a366da,0.15097772850028848
ck_e6fecb82fc2a82de,0.12057574336861304
ck_cfb06f07394dfe64,0.07023372493973999
ck_7bbe1dc8add17ef0,0.6006602248725488
ck_5cacad76e02c8e3d,0.9596235024435742
ck_ca68dec0c7df5a12,0.22383179262408093
ck_e4c0fc52c82065d3,0.581249722693955
ck_f9197b070416f443,0.10895976831930072
ck_2a07c7021b71cf65,0.5971701328565756
ck_4fa85cebf707de2c,0.020077556625369225
ck_0063d2a9507467e5,0.3920056934391674
ck_ec986285fff05b7d,0.13176632036119046
ck_279d43303708109b,0.3814713771682377
ck_a406bf11e48cf8c5,0.8446734009088847
ck_064b2aa3f0bfdb6e,0.39488487903596114
ck_95790440bc4bd2d0,0.3766206884087267
ck_70066eea13b4c34f,0.3057739131249248
ck_19468fe07e26f992,0.9545351581806248
ck_86bfe328e0a533b9,0.9581027148765409
ck_ace3b96c977a7560,0.889643668727949
ck_642344e5c652d8df,0.8567478934833258
ck_074be35c951ae10a,0.45588329442516456
ck_f14dce41036486a3,0.9959759439607935
ck_5cf67a3a747e684d,0.897773588124965
ck_f7285b92648c1c81,0.2746003084665776
ck_bef3193f124fca5c,0.8860871217661744
ck_05c4dcbb45de1f8d,0.15265405797717402
ck_d7c28eaa05bb7144,0.23950353754912174
ck_320df984791a1b99,0.14844880073710837
ck_f45bad1606fa00a7,0.24436988495641734
ck_6f81c199e986d9fc,0.14588170805093842
ck_d0c9633fed57c344,0.31128994442435615
ck_a3c25d6cc7478068,0.5593312483406498
ck_4185506d12cf9fa0,0.12665797481179658
ck_7a02ee1bfba7353b,0.8155309067316356
ck_1b52590757c0fbeb,0.6791514273713285
ck_a0e5656e1cf9cbf5,0.03437182105915475
ck_ace21f6daef94f6e,0.17947102559232406
ck_646d8d0834782d6a,0.8755400838542481
ck_1f136a4476b5e775,0.3877724879283479
ck_325c7643cce02da3,0.8673913882707205
ck_9b5e7fe28208f5d1,0.24328125280757004
ck_05d81b1a150f31c5,0.25776387234461856
ck_0e9ec486bff403c5,0.3506059193228071
ck_ee13c091bc379188,0.8025430189296608
ck_f7a7f8f5903617c5,0.6569503397530696
ck_96c3a3517153390e,0.5884363706768145
ck_538dad7f096458ad,0.357387567076329
ck_8758fc6622bbb7df,0.6493094620948461
ck_f7e53af3c91fec64,0.5118437653084827
ck_80b50fad7f255e1d,0.26237119280723387
ck_9645e7adc08631b5,0.4440776489066869
ck_e007aedbf37d6ec7,0.8581611241747797
ck_2951d76c41de2569,0.7391445493052035
ck_9439bff87e616d4a,0.7847616897526597
ck_a73045e96af0e4fe,0.7081453530091899
ck_7b382e533e2e925a,0.5926333843134979
ck_730226c2d216cacc,0.14649081229729316
ck_bdf837d761a7cec2,0.9177425787838357
ck_0b34197335ba3341,0.617241418927416
ck_49170c4b31a20f5c,0.024354404531801842
ck_cd553ba6589d8bfd,0.5100895746107015
ck_56b992c6f136fa5e,0.6869877592463238
ck_8beae3d7328fa41a,0.7304318877687758
ck_1a065ea906ae3d6a,0.20560598292885
ck_e9e3381d5e0e5051,0.3898074187641091
ck_a6d4f998dadc90c2,0.9477757459043995
ck_d36733da917115a6,0.5577637008392764
ck_e738e920bbd74a7d,0.3467962742188232
ck_af65eb885a51048d,0.09411215112580368
ck_73f4eb09af29b1c0,0.45739842398763547
ck_8fc641b1750a2542,0.6056890875601613
ck_41b954c7a948c060,0.33621125191584617
ck_25fc3010e8a0f6d7,0.2110005460888471
ck_a2624e0387974e0e,0.8025199001044893
ck_5cb9d7b2329d5ab6,0.7813534050552895
ck_6c83aa1d100a7cd8,0.595877090415728
ck_67025c64588abd1e,0.0952635983977285
ck_f5dde68f6f0468e1,0.07999088942247974
ck_46bfb2cfc29a6d2e,0.5630515904715694
ck_49dddb894d33f6db,0.842286987139577
ck_f738b633b8862d18,0.02382175587447084
ck_3d6c3c00d854f5a4,0.8738035699860898
ck_cdb8061d8d1a6c5f,0.1937094482734968
ck_5e1b81848718bdc3,0.7559454157589031
ck_8def763034187436,0.4960087120212194
ck_8f8e4fb9c6190272,0.15765151310324788
ck_368b968b5f33431e,0.1896977173343341
ck_ba7e347251ea399b,0.5132131730723846
ck_9075432001a64e75,0.47897474871175516
ck_73c5371635aca173,0.962010222487865
ck_81793387b38047cc,0.27930799642529386
ck_0cf220816e320ac5,0.2552428367768528
ck_820219bb9c761b52,0.949168975309409
ck_70a932ab39d86a24,0.29388251419013706
ck_2c4be237a7ed79c7,0.06573570873663369
ck_acc764b49ef02826,0.622736997610555
ck_74c3c3452e4e7cce,0.13903272200373995
ck_34dfb57e5bf31d2f,0.3065543984608555
ck_6ec39903f765956d,0.6669165634414528
ck_5986119e7d81e831,0.4347624599534162
ck_2ddfc948b8eac752,0.7678930529872563
ck_921ff5ceaf40a968,0.7178574694644447
ck_fb3b68b4424b5f92,0.8840613630146554
ck_c3db1b3ad4f16679,0.4240778632362438
ck_124a197be41687f5,0.6771179021674392
ck_c58d9151834f5bad,0.880217679617328
ck_389607982eb6b701,0.9543868959162205
ck_fb0c138c003e933a,0.00821242953155477
ck_50d0bb7edd8c69c0,0.7499995180210328
ck_c6cb651149dc9a8a,0.15245701759659117
ck_81e21354e477eceb,0.8603104047246459
ck_7696e38b3e4197b0,0.3048462648814784
ck_586001d3ed9e7fbc,0.2564585048037271
ck_bba413492dc46f2a,0.7890946856866883
ck_95b894380ad2702a,0.7267995880339133
ck_277621473369614f,0.9996132891502518
ck_a50621b5eeca84b4,0.10525596818404095
ck_bfa7ba218b988cde,0.8937358013538426
ck_5ea89567dfe78e4b,0.624678408577636
ck_6c679602a6476ab2,0.3935575822927563
ck_d3885e286b3b11d2,0.7740345854738375
ck_cdcf6671b37c9c92,0.4777425934781162
ck_b5c93e6d34f8d366,0.0005196207413511853
ck_c24f61925dc158d5,0.8038987862276166
ck_cd09375e6c81d2c4,0.700867941632499
ck_a95afc7a00303a26,0.41637847761652824
ck_8e89ca8b39f3f8ad,0.08594648152858907
ck_9a84b396aada3fa8,0.7227480705308751
ck_5124a2e415384945,0.6288154989650451
ck_d66bb1f063357f99,0.2636035285728119
ck_0fd9312411b0ac55,0.46071450418222787
ck_ad8cbe6e27e47ede,0.5113538402218152
ck_8398adeaf41f9cae,0.5795357505780765
ck_dcf851e7bb5855d0,0.1298668946717624
ck_9affb0f26776b642,0.1746156879191699
ck_f0424b3b36bdbef0,0.8635630572461944
ck_66746d1090d6d9e9,0.15141716356392237
ck_e5f8c8a5824db594,0.18418669601242416
ck_3e91dcc209431984,0.7779711761898789
ck_126a82e8d42e5ce6,0.27463119374411954
ck_38e4a74ab256e2eb,0.051902989100734535
ck_1225a97fc413a419,0.6403594513299632
ck_9b5ec0f78e160e65,0.20494134320486565
ck_7c5529bcc079600b,0.562434935781858
ck_29640fc2fe81c251,0.1603749407811756
ck_160e9ba0a3f7c1fd,0.07513270500850719
ck_bff090cb4ab76b9f,0.42734152549193366
ck_aa06ed358e43db69,0.642555707823183
ck_7264486eb512d84a,0.19190819136639217
ck_f5a32e6160b28379,0.8658168673988823
ck_4ba8bec14c2217e1,0.20240565808023447
ck_610815786d729d2f,0.1433059300874486
ck_e267999226b6321b,0.03764750213990527
ck_f3996a3c8eea1ea0,0.19693271141534482
ck_e9b75ed7567a3f23,0.6679938795811754
ck_d21612d48bb4f7b8,0.3826478711812029
ck_1f871df76c6a995b,0.8690585101862893
ck_953bd5de48ccd70f,0.9801411969485134
ck_02a9104419a6dbaf,0.5542200560504376
ck_1eeeee651e05d535,0.8755684641430292
ck_e2ab04136a442a98,0.623372247954839
ck_f0d806624ef3d359,0.7459693171703415
ck_4b68b38c1b3326a3,0.7559464248498222
ck_74e60495f8861156,0.4255259253029468
ck_398f3f4cf05c721b,0.11202911119218209
ck_f761b7650a0c1a85,0.20079122490147683
ck_7dadef33f5e2d94f,0.9603194594631277
ck_6ff6883633b8c7ba,0.07128761597930779
ck_4d2159603045109e,0.3615185674411484
ck_a38bd07a5fac5c9a,0.0830472043793813
ck_f517f06551e69507,0.549090825866724
ck_a7ea00a1760ad561,0.9966698827985085
ck_31fc51d5a3dfe16a,0.6847343456345886
ck_bac5233623b25ca4,0.2510066942592452
ck_385188ab27784fe3,0.8637447452539759
ck_9947a323bab5cacd,0.8920734186178866
ck_7973edc9f22ee7b6,0.8122404858280503
ck_f97c477986043755,0.13517491133354392
ck_1a3fd2cc4b4de196,0.3363758756439711
ck_e18ac29ea62cb435,0.873845284465834
ck_9720a472a3e0140c,0.15268971791140315
ck_668c7fc7d7e47c0e,0.842880126463164
ck_214af0806470ef48,0.5651723102007151
ck_a46c1773f01f0be7,0.8149707966104731
ck_f2bdcfb4203ffdee,0.6934606476369626
ck_40e84e6ffe788a4c,0.8274985452464335
ck_dfc6f5712d8d6678,0.8549385638488678
ck_01ef1036b2e66a4b,0.43562677078978823
ck_3acfec10eec32f9c,0.615532582532103
ck_084a85145c15ed77,0.41710101275203826
ck_fcdb4fe2f095fba1,0.8432956141426462
ck_023908db0a193076,0.8412250233726558
ck_fec0ff92fd622253,0.49588198241817566
ck_c009c97d5fafbced,0.9176400673628523
ck_eb9f0c06ee017ee5,0.41941996248462526
ck_d7792b429620fc24,0.06325718073051768
ck_5e9e149a3b69c726,0.7835881327464824
ck_ce927322ef8f651c,0.35717425549799514
ck_b8fd61a8e82bce32,0.9580395934784802
ck_9aafc33fba1474cb,0.08504651075798796
ck_ce81ff9b8b35562f,0.039913943667620216
ck_25bfca1d8eaa152d,0.27595708485545245
ck_170c65860e2a7e23,0.19910673243126825
ck_952da7ca9f33decb,0.48338047014611396
ck_1ebd574406235957,0.274901572174999
ck_589109a188adc2c1,0.032899811608299974
ck_f0cbd5383bb07778,0.6968074325771578
ck_242521e261148fba,0.13710210476178677
ck_509cece86a558de4,0.5677982719122554
ck_0dd7c5925d28755c,0.48296265800981014
ck_a7e669cf1c3985aa,0.47733609735093707
ck_acb84dc2351eeb76,0.13510946547866165
ck_b837c7dac2a9b931,0.8557948019578863
ck_18eb1f9181f95df4,0.31311154436996297
ck_b0b9047dddb1ec84,0.9426166040569888
ck_43aa136bdb0a2832,0.8991244002342943
ck_3e47f8c56c811700,0.4773750908329069
ck_77c587d24695ea15,0.6110569823382324
ck_20578ac693ea4e93,0.8289352010380424
ck_b9f6040eebd1605f,0.8323277368216586
ck_ca9d86f65cfdf018,0.1668220796148381
ck_a4fa8833995c716a,0.40633368989131335
ck_f589f1e29301b5fd,0.39745126890619514
ck_961ddb8ff55d868e,0.23624329910714217
ck_5662492a54e6688b,0.27143823880692153
ck_ad48826c1c26eb78,0.6780983648907408
ck_621c9ddde6bf2eca,0.43767516155955655
ck_417a3500b2c717b3,0.8983349233460604
ck_c7e129058beb3ac1,0.8099572862956619
ck_ec1c902b9b9b9c5f,0.8991921705459981
ck_317360ec0a67d27e,0.5104511484534398
ck_3e3ea5d8c4a229dc,0.5226542082808239
ck_d11d27de7bf0b973,0.9615386770467564
ck_d37d56e931105db0,0.5995926031010652
ck_4863077723cd6ce1,0.10642811955834627
ck_479a065d5903e9c3,0.12292943421047955
ck_e66ae4fd586fedea,0.6732158365516637
ck_192bbfd0d5720134,0.10254737059491774
ck_3b436cb29af99f3d,0.49222968139686873
ck_7c7ca54969eed187,0.7370904102649033
ck_826ee896c9f1144d,0.8052226236800365
ck_ba1f6dd43fc8a0b1,0.20294374873311416
ck_49685deb63e4e8f8,0.21348876846320214
ck_687ab5d5554bfa79,0.6196837099264111
ck_41346ccd9242cc8f,0.08702612212513328
ck_8f8e5e2b9dfec3d1,0.8552220604616967
ck_94d5ce61a0c50465,0.22662803606830847
ck_6b954c75aad8c012,0.6585739450160695
ck_748af92828c9d288,0.043061147761397287
ck_dddd14091ce812c2,0.5771708339930548
ck_723323f6870fab59,0.6690147414183188
ck_dbdf8d0708cc6718,0.5087320051399211
ck_f04938570a154de3,0.2038790731629612
ck_58afa1550b3b5294,0.239110159603892
ck_3b150afde386ecff,0.42593535843691394
ck_666b95e75d99ec4e,0.9694111556629031
ck_e00332597cf1eb24,0.44937334046842453
ck_9a9e3dac79280d7f,0.9218013759323218
ck_e8d37262e859d9a1,0.7771451205424662
ck_895bb39d24bc1c4c,0.012231133841182172
ck_b367449195e36499,0.5871324087677949
ck_d23f9a50d1135ce1,0.5883740423606594
ck_670dc4910cf476c2,0.06626370848032154
ck_3ecd8a5ce65e21ca,0.034356774961336566
ck_8584fea2df4c6317,0.6669679722894362
ck_0789ff4562202b20,0.334004417706512
ck_749e0e50c3907be8,0.19733547745383043
ck_c3ff6790cc6d7e34,0.4214904629886461
ck_75fb7e56432ee4b2,0.5167380964636068
ck_529fc3170fd11abd,0.6183875144697618
ck_34a69b3b4a681796,0.8958052927669443
ck_255f0e5888ae9e23,0.8553847562739527
ck_65be698386474170,0.04595073054236599
ck_5eec9ed855c26000,0.043403026592674164
ck_5ab39bdc9610f6f3,0.9426830590027903
ck_1b5b75762f033462,0.5677747565461311
ck_d3e208671cf37f91,0.9720299634720395
ck_5068ee554ceff971,0.5208863771170964
ck_d7d50fb57fcb2d0e,0.018696346045420403
ck_ba6e1115fceaa067,0.6737948486023821
ck_d07bfb16a4a7dac0,0.9597357082327966
ck_ead68310311690c8,0.9613456730298502
ck_ee53ce862bc9c111,0.6915618344975011
ck_97e56e6037024dff,0.0709553412503004
ck_80b04344c98ec072,0.6937281793270237
ck_5954f45a2ab45f43,0.7027911889630346
ck_18ddf7e836256e3b,0.5134796956715264
ck_89a1a780144d808b,0.47784067199447
ck_a7331e8b808c39aa,0.8595901037799879
ck_a1fd0ad03ff9b776,0.7188222735399616
ck_c0cf50eef030b401,0.19833269818180538
ck_074f20921189e7d6,0.1460381687857403
ck_e2aa7be60794593d,0.781062935071996
ck_72771757dfb7f7a8,0.7242708762797468
ck_a9cd84a6dddfe584,0.4263223755616454
ck_142c00f9f8557504,0.5451552442416018
ck_221b5d40358230f4,0.6378882029692952
ck_a2d7a563f520b7ea,0.7155307532794873
ck_66cd34bc568d95e0,0.39667267600905864
ck_a17128972d3e507d,0.7979021824576988
ck_bda299466bb2136e,0.6014556660403281
ck_2b699066665abe8a,0.736818932477135
ck_0ac9848bd4ba0c14,0.1108035327880551
ck_98d2f9a6ba3a3077,0.9514805551305785
ck_a872df31b28a5f7f,0.8584777402560027
ck_7e73e1d44ce82ed9,0.25251537273524827
ck_1a415416f620d49d,0.19928530290032256
ck_c95c786d2f8b8edc,0.09798167434607713
ck_e45012f22b7f91d5,0.03543742464879995
ck_aa0b083e2a6813eb,0.7327869842425141
ck_4666232ddbf77756,0.2429431395420612
ck_e08e9c8ec5f23d8b,0.8608266919182564
ck_31d4c0518e5f52c6,0.18216791063136983
ck_c1ab40638f04cb02,0.12051029751373075
ck_4c1fdd1669c7cf51,0.020437202552238635
ck_11662cc7940ffc82,0.6887727449556772
ck_2e679af24adedac8,0.16398179723404477
ck_454b9e21b7f25a4c,0.46119100481196285
ck_355c4f29089731e8,0.9605014537458924
ck_507e40760a24d2d5,0.47085645159884704
ck_0943e0f305078e34,0.9881686049245458
ck_abc54ed7111e9ed1,0.1511480102329757
ck_a60fe02fc04407a9,0.5489043986793298
ck_244b897bb4d57c1f,0.4580745957297581
ck_8c84fcde93a04334,0.9266228913211461
ck_9eea37d2de633b27,0.2735120728586831
ck_b2cb9e6610eca967,0.21662386346594903
ck_09aadb4c41b166f1,0.5544439808219601
ck_8d94fbb4828ef326,0.24336862786476568
ck_089e3a07abbe3b8f,0.1197151626209346
ck_dfee9de05e3971cf,0.3013331443063032
ck_6abf8302ce052451,0.6413569783329213
ck_6ffa90143838a4a2,0.11616103038195114
ck_325caeab5c7a9c3a,0.5216133451572358
ck_1964ee9db929a173,0.9764908238430752
ck_942b95988a6245a6,0.7759378315179287
ck_913ecdeeb8e21a9c,0.08590406423290886
ck_ecf9794349eb4b3b,0.772969378425145
ck_b6cb8d6ae828eed1,0.7335973812421421
ck_2f82ea66c4f53b33,0.8028001534355469
ck_6e676daa4855b58f,0.6009835080492532
ck_2a37fef48b44e9c8,0.6906290505334892
ck_3bd12d468fdc2450,0.39297838971009874
ck_1a28b6a40a6bd3b4,0.7896349202644505
ck_61b79dec96d15713,0.4698011549274073
ck_31d5e3daced93d3c,0.60812125217289
ck_e6c8611c0cf233d7,0.1514015049161378
ck_f04761b4a937ac3b,0.5374871759174555
ck_38c1c75cf055031b,0.7366873379514344
ck_59a561f3df01441a,0.275321924777138
ck_04e40f556a5062ef,0.6357522566103919
ck_8409716d174635b6,0.2422121351382449
ck_3019afee83342701,0.6049120260379409
ck_b51a58e7f032c9a8,0.8812899503024546
ck_5043e474f848346d,0.5799468956188987
ck_4388abce33ecd01b,0.905444989996852
ck_c93def7392f0aff5,0.7214373512604046
ck_72e7b1acc19df820,0.21757735153234134
ck_f253130dc3ca5b3c,0.32831990684721823
ck_eb264d1b180d4b4c,0.5516893261144327
ck_c2504f5a113433ee,0.0491546049477359
ck_c16ab1e4dafb4910,0.9198938775155402
ck_4bc42878fa180991,0.8234497487411697
ck_1c771a7c78f6622c,0.752129716109404
ck_d523f0e50a2747ad,0.1612044202422985
ck_9060f4e7ab7a1b0c,0.48570788914700724
ck_6b55ec4e87a5e22c,0.8910635665148845
ck_55fc62a5f89a7251,0.3810308427477151
ck_bd2545c62f258231,0.6263002116678111
ck_1ccdc69d0bb712b4,0.6478638147509341
ck_710f867a3bd5898c,0.027056028750460332
ck_f91d48c40337d375,0.11243551705339166
ck_f76d929541ed41dd,0.7734526364163312
ck_e26a6659c237b650,0.800340311349973
ck_184983177b73dea5,0.5373498331212231
ck_6d0d081bfa8a0022,0.7847122990865149
ck_2f6e64f638da0f97,0.35618581031330965
ck_15b93103ccd38609,0.36451145472500607
ck_094d10439b7b4eac,0.5296989193427029
ck_d2ca47180a926ba2,0.3520124829187796
ck_a69ca7b9d70972bb,0.48739057944439107
ck_68914e67343a7d32,0.4071064087748738
ck_8176616132458c0f,0.6611836710069332
ck_eee99af3598311b8,0.7852035395390847
ck_94410eedfca91304,0.7679748603058593
ck_cfb11a0a2325bff5,0.357267865632645
ck_75217ee144b715f8,0.8316571328181286
ck_d56fc799542299b8,0.10411663000314633
ck_4c352dd3e7c81269,0.6891993681123451
ck_e23e50e02cb3904d,0.8482936818186865
ck_b921af37d500e139,0.516711734356664
ck_82181b935360dcbc,0.9877982555385183
ck_22a7cf3b99c5e5fd,0.5836469656654649
ck_f67ee7910d532216,0.6877674515003489
ck_5f48762a14a0326f,0.03289709061052563
ck_1757fcb0e6e3f88e,0.6939058309711285
ck_2c2f080ba185016e,0.7500568911485617
ck_4c25570eb72711b8,0.024799894140950858
ck_a3be871ca22ac416,0.7569452672186827
ck_ab70961e7c6695b2,0.4190754529215436
ck_a1cdebfc42a52448,0.2104758798929
ck_f1b80b821a20186d,0.7785249254905431
ck_ae668e4564cd2aa1,0.479705266308649
ck_0e2bc3a5afa439d8,0.7321159836980315
ck_3dc378f37d0b74b8,0.473682912981755
ck_9f9555197480d1cd,0.4717935782015188
ck_bf4e7d48770a4a8b,0.901881775939596
ck_614ef655f0685060,0.5775155240880757
ck_04d2ea38ee27770f,0.06369266969644444
ck_e03a9d8ac94161d5,0.07037804110643718
ck_d4007b5b26d9d854,0.007288727385815595
ck_2dd147ce6d61749f,0.8209194153461177
ck_ff45764ea7d6619f,0.8639471373641379
ck_dbc487cb0a6c18da,0.9657674496529465
ck_791d5392bbd80447,0.2915401393573952
ck_b4068439c413b150,0.5475096378994043
ck_85df7b7de9700aba,0.21908260619463413
ck_001e42551cd06e40,0.06962685488423725
ck_a6c02ae50932cd9d,0.4194401443030089
ck_9fd0be2c018ff5e4,0.31130844981295913
ck_32a495128395fde5,0.20305656707230302
ck_b6f2a2fd232c141b,0.26389983709260695
ck_28dde633692904b0,0.8350904642565394
ck_a1a93c5f375f6021,0.19751150745704954
ck_e3982142336782df,0.3582732848310175
ck_a9812ff3c111ea94,0.7596875968261663
ck_f04062216f95fa00,0.7217185234164119
ck_7c560467daca735f,0.01768548485149924
ck_76ee10d6e2dba70f,0.729114411136854
ck_3521243bdac61178,0.19908835278570927
ck_28588fb03b320520,0.740876323993749
ck_580dcec33ec232b8,0.4449856021386719
ck_7109923fd7dab20a,0.677605196522302
ck_7c872c99481c1e9e,0.5854802426840747
ck_46f4e1f5026f4d1b,0.09100907623456199
ck_00d1ebc31ec4653c,0.7029100618477386
ck_aac70764dde15168,0.34836926371574534
ck_648c03f9aa4e45f1,0.5562813844702161
ck_5478eb69ef912785,0.7724827868862182
ck_79b8523137bb2603,0.5001285221199583
ck_795c49f312640019,0.02068736368765995
ck_89184bf7b7fe41cd,0.8795467693388148
ck_97d4bd922996fa10,0.1568052756374516
ck_1cef30d08f3a598d,0.3129910143672989
ck_2f9fd36a4a40a6a8,0.10753785235052685
ck_40780fc0f8d6f309,0.6338398030049841
ck_9083ca9fec2a7f4c,0.5260785481669316
ck_62081bc35aa59931,0.7450446961996529
ck_2e1b46c5fc56b863,0.9204659161957939
ck_3d139692c51b604a,0.751679883861595
ck_b5e54e22e3d6960a,0.41253018078263215
ck_c0c4be3f44311b04,0.20740219438135868
ck_82a8bdd2692c2a5e,0.002756060339399333
ck_bdd2da300b530c5a,0.4162027538882923
ck_ee40498cd97183d3,0.3178131777831641
ck_70b9274473bd6dfe,0.33251008251239117
ck_473d6314ea614b29,0.389403859643718
ck_7443d6dca8cd1352,0.23463122586228058
ck_3b49768b448b071e,0.20941663712375308
ck_b43f04431c267dea,0.5011360497661386
ck_4424a5223ba2fe00,0.335808395611391
ck_819bf3e8231f4081,0.5759295066751736
ck_91d417507a8c58cb,0.8328236261878716
ck_e88e86b19cada4aa,0.5478485797238932
ck_59684167f9c6bf4c,0.7131284648533815
ck_d5f5b0dc97b9dc27,0.4077185402939861
ck_13d1b192bbff8f32,0.5865352330805313
ck_b21d8630387cabce,0.2941723893620015
ck_e4ac22046699b99f,0.3415061503956783
ck_74b848064f2ff45d,0.3699859875537068
ck_166aa980cc87fa77,0.8158691457401887
ck_98e337806104dd88,0.36888919241153645
ck_66eb09be007f0755,0.631886463478812
ck_3ec9b9d8dd7be11c,0.5150199622410074
ck_8b8b9de339d75d0b,0.5160284087121375
ck_6715139e240007d9,0.18974013463001432
ck_a0255ab46e122d2f,0.0835448056524496
ck_66e81a4190c33510,0.4492397277608856
ck_5d75ea4f5c9080bc,0.9522202448117146
ck_df69858b8a8b3165,0.45612458975132686
ck_e15252ebd7553422,0.330520380236054
ck_34d6d74bb3ed11e5,0.1599358119925249
ck_c2608f78f6851d10,0.8625702694228489
ck_bb99071e8f58c8a4,0.8828745620834847
ck_06010f0df5b7cef8,0.8637153558742756
ck_8c582eb0f6c0148c,0.3124324356210524
ck_0034d010d28aea78,0.4847578248943252
ck_01c1f06692566ca1,0.584105789465577
ck_4807726e797fb893,0.5365902324196119
ck_edc9668282e3c8cb,0.701469369692453
ck_5486768475af7bb5,0.9592181056732839
ck_3fb9813849e51837,0.3722419416312771
ck_861af5a9a9a6d619,0.2964696081627516
ck_da39653add0f1109,0.03761740994426889
ck_74a4244eb1f162e4,0.0029400728040023753
ck_9a930faade55b8ea,0.20937330100312326
ck_fb6e06ca88519dcd,0.5217996820786606
ck_9776cd8263a9f415,0.6181556427139299
ck_b3dd1198ac5aea73,0.5876590028796108
ck_b6675a04df1a4276,0.1532869838646364
ck_5c7ad6e731b69333,0.9447832551614946
ck_28dc0fdbaec00580,0.7923218949262436
ck_8e7a32f7e3905f4e,0.5567629305545472
ck_8563fed6674afc77,0.45240250023647766
ck_9a2fcccb82da663e,0.6072336065023327
ck_6a519bdac0d94527,0.035994110956252226
ck_a0dab7aa9c4a39a9,0.13100360212085224
ck_a3ce05e9e5e32142,0.7025580018413002
ck_7a7e40ee3f97c035,0.8328857384950131
ck_9e9a830785112a73,0.5327915970497695
ck_ab1bb02f6b189304,0.811193568158947
ck_7b8cb0f90fbdc8c6,0.3200644474700168
ck_b138fc249e659e60,0.44711891776577023
ck_e73caa3771ec5e0f,0.3039222564607561
ck_18a55b06ccccd88b,0.6145741392770844
ck_fdcb1d9265d8fec1,0.5528316915680848
ck_e21a900556b382ad,0.5524823525594209
ck_c6bf67470f526771,0.3293181366661123
ck_b568ba3837afb39a,0.1394841758924345
ck_a2858979dd5645ef,0.12361912067550435
ck_1da9d40837ebaa57,0.6958296908516306
ck_9341c7959543c542,0.03640354409021934
ck_c8ad86806b9a2369,0.7509074712530178
ck_5c85d93ecfed4b0e,0.19519589127220333
ck_f07b09879d697b82,0.07221092158409417
ck_fe43da07608b1749,0.5601183105060925
ck_4bca22b5926b9c28,0.0861359359887408
ck_aba573aa942b1d41,0.3480766852846438
ck_57c14e32fa4683bf,0.06582185869389649
ck_891530b489ce402b,0.18117937518071478
ck_5e74fdadb93ff293,0.7038499449252592
ck_14436a409ebcc90f,0.3361264173244857
ck_00013fdfa0bd37dd,0.5793007258064429
ck_7dbe24ba01316775,0.6141018910200398
ck_0e3f80c1553c591b,0.34393103536295894
ck_3edc45db58760d76,0.16096899892971217
ck_29076a13f539187a,0.7972311819132162
ck_b1e81b58b9a545ce,0.8492260692417455
ck_3f8571d4f7420b2a,0.9153471734622249
ck_7dff6abe4bd644dd,0.9236000021076217
ck_2884bab237af16b7,0.3818417265542654
ck_231e6dd1fe708000,0.15935429495304582
ck_33ecaa7b892e73df,0.15886375731641184
ck_b109ec4c63503030,0.28394650844043423
ck_a7f522382509cef1,0.3200832236565285
ck_748b3ea941d8b3b9,0.340557185499885
ck_29f3a1737a2d9634,0.58760890939753
ck_cee8d42475a0f020,0.15368189318478218
ck_c6b6ebe145a8ffab,0.047622104830625185
ck_21c99e1d6b881894,0.07035421946532955
ck_5ad798286384484e,0.6152617172943011
ck_b621b6ffcc7f4848,0.16322219653243367
ck_ea819e337233475c,0.9373038482155945
ck_9e3896c2668ce06b,0.6288012459491323
ck_501dcf1ead036d2b,0.3773257272465529
ck_8d5eda29a2cffa3c,0.30762939014375656
ck_4d3aa36ff83f1132,0.9444042204981471
ck_8e9faf94e3e6c757,0.02058112217798304
ck_ce0ec41f96951048,0.6189807795363929
ck_f09165d73ee903b1,0.7618937282195645
ck_a432b1bf1d3b3d5e,0.9152947555233224
ck_ea618f720ff0b4b0,0.5140194982312614
ck_7584e7bd755cb28a,0.5514642117200518
ck_e14681aad43e1a72,0.6458452099018189
ck_5e18870d8e30e379,0.537741283150584
ck_ff7c26a62bda8089,0.08672433613271503
ck_cc5a35175d381d5a,0.3155960914445196
ck_3c25029e40aa8a84,0.05350769243417863
ck_771247b5bc16c12a,0.15403325037528448
ck_664b5e02759f985a,0.08672626404858383
ck_692a9e8f504b9762,0.017944637539223637
ck_df8ad2deb0a4ffed,0.5196420225264576
ck_eb48c0bcd12ea654,0.661743384587143
ck_7c77e597c951cdad,0.5262739669066288
ck_4f75144c6f3b13ad,0.8110556128127484
ck_1bcff399166d7c43,0.5440749008291216
ck_975c2aa3d4a8c51a,0.4695198925054304
ck_bc6f07b06aaa4ce3,0.8808301174114235
ck_80b072b7f3c7e8e5,0.3624787226030222
ck_471e4018a23b4e56,0.12892814642820505
ck_53cddfba570b4a3b,0.2502031803641124
ck_630530e50764f229,0.33760913023449873
ck_dcef7887a4f1e435,0.769657550603243
ck_2795921a055643f6,0.3362808598774492
ck_7456df89f3792235,0.14705477825019336
ck_5014a3b07e1f049f,0.9345695010694948
ck_d4ec44760cbe03f4,0.32800338103196497
ck_96810ad39d4cb7b0,0.9004304705911216
ck_3222ea25aa29bfa6,0.02924943850286186
ck_f6c42001b84a10cb,0.6507197557795121
ck_5ac86682385c86b8,0.4250357842072656
ck_4280c33af57eb4f4,0.025083390753779727
ck_05f79ddd8eefaa56,0.5364134996004568
ck_3a57a13ce032a6fe,0.083716799291992
ck_a721f0d635fad68a,0.4962146536881358
ck_a3f821bdf408c326,0.3106853085597054
ck_0ada63008be5685a,0.8570216957279156
ck_8c949bdc6e8720fa,0.84958742707547
ck_c0d2c56f9c722e99,0.9764243688972737
ck_5d2b9e6e087b8dfc,0.9995010833610294
ck_5217b55593a332ca,0.5806550874725266
ck_7a7bb9be5a7e48ad,0.38699582294708024
ck_24cd0d779e866287,0.07467256584249275
ck_7367917891a63771,0.5867703481181343
ck_4b31a8862a857e6e,0.9549849904284339
ck_81429c4910ca46cd,0.6270306035216611
ck_b35d803568f82d9a,0.2103801258333677
ck_4b00e75c2d2d0522,0.023864479445134253
ck_77fced07f6dff42b,0.6993131157721221
ck_3c9a06eb07c300e4,0.1887169483360493
ck_b3867f7f494db64c,0.1704996079091246
ck_0c45e54897ab34e2,0.7380745128109288
ck_507a6a580ab55c76,0.4706374820159509
ck_291bffc7809f896a,0.04313488235264668
ck_3753cc5b9d02e2fd,0.14352257521352324
ck_4f63d5245b3ac1dd,0.4528508011093706
ck_9dfb2ae78659240a,0.6283453591558084
ck_90f6f5ced708aa75,0.037984732057538995
ck_8b5b5a6b5539e39b,0.9154450359695652
ck_4719112b55d20161,0.5989033131769932
ck_fec888a7108ca52d,0.990496546209436
ck_4f5d022c99f118b7,0.6214104036832863
ck_e967ff05514b697b,0.6713720720829093
ck_839ce35819bfa4fc,0.07967466988220973
ck_bdee1221b9addff8,0.5734583485804752
ck_9cde4036d0914427,0.20128772681765633
ck_5ac959cbcc5e98f3,0.21816140903765566
ck_619842688294dabc,0.36352967663580205
ck_7373d7b04c7799bd,0.7010676127448867
ck_c1dd3feb9a0b6471,0.5439844984991684
ck_0324a4812ec319c6,0.1883690149592573
ck_7f3685aa2933b251,0.9143894330231422
ck_06aee5a62a67a84c,0.7780630744176735
ck_3428910b44b9d08f,0.8245103971421885
ck_c3ba7534cefc1de8,0.4483959050178805
ck_1f1273a67cbad5e5,0.9553379692598217
ck_124565a11b2f8bb8,0.30260114000611044
ck_38e46bc861e0165b,0.5708931838101741
ck_c8ad3f01319c065e,0.5010378358508305
ck_3f94a34f5038f7c1,0.9587562546004142
ck_cee56be5a502fbd1,0.9347711903637209
ck_2b90b76cf4d162f9,0.45612458975132686
ck_884b2e463ff1d54f,0.13717522680306976
ck_fab4f2f8531b4827,0.3212069934556081
ck_4fc6256e0e60a926,0.44631580041159014
ck_0a2f8b2f8a5b6f02,0.39492071950212937
ck_9c0deab8a8367c5e,0.014343348824947245
ck_d3a2a4c011fa2554,0.12472240238121705
ck_4108b4038f762817,0.8550995477542687
ck_4df036e2aa7e1056,0.26406801037748623
ck_ec094eb1cbb3efc5,0.22139699727954754
ck_09f8f51bfd2492c6,0.08385769164497885
ck_b60fb9a10d6f4489,0.7866301044215017
ck_3638bc3388dbc1bc,0.716156705796485
ck_7a58e0cc9943c39a,0.39372382766176683
ck_37dab6a0a536ed49,0.8298648674633271
ck_adc576690df5b33b,0.5721165280234491
ck_1383b2b1875000f2,0.21658701390886156
ck_43c1248db37a2eb0,0.2191885414293278
ck_29c11bd68858e923,0.21943497247605562
ck_9401f9e11f65337d,0.7389128580813107
ck_ce5ed372b1a2ed6b,0.7159000935745959
ck_08b4619490e751a8,0.9688153856075112
ck_44b9125526acb05d,0.7089428123588077
ck_ef1a1de20d2124cb,0.7160497614708722
ck_e5e2624b7fc89774,0.7392256538078705
ck_f5100511609b92c0,0.05073781109689393
ck_64f3bb17101b7c42,0.3082348545673874
ck_ea1e5b5128ecba2c,0.04387224757696124
ck_516163fcf04d5e77,0.4126501530242248
ck_7f9a748110d70005,0.6086578469279281
ck_d263b55f0a681cce,0.817064325673696
ck_0e962eacf98a813e,0.3351502069738745
ck_0406931800e0e2e6,0.13633372851688624
ck_0e9b982afc88a3a9,0.991901794439506
ck_8bbb625384edebd7,0.017954638182445908
ck_5eaeb87bf6207406,0.9624263227173138
ck_cc3318839c4b0745,0.1637998029512801
ck_08a0355d1f1890ef,0.1592454227115641
ck_af7ffd1a822460d3,0.8238985718980596
ck_2a09c7aa870edb6b,0.35244362924604644
ck_bc04f51c23290bcc,0.5504739643625416
ck_d3a8333cb389f4c6,0.6124615277523665
ck_88e3dd3039508332,0.5781212045207201
ck_b8c7771de9b57705,0.3900288030697965
ck_585ababa02383b50,0.30779239223099597
ck_e988c108754cee9c,0.4668575325666506
ck_4a691892d9d6cf89,0.4913311162581396
ck_7cdce37d895eefb8,0.2535147019110312
ck_483fb981a1fb4317,0.13830092451801815
ck_c1e5182bd99e0e35,0.9500709642618484
ck_9a1e3ec9a1839939,0.26301736261968967
ck_5c3f13de0dbd5086,0.7005857603855725
ck_f4f6f0caaab70040,0.36976867508877065
ck_791be3378dd7d64c,0.39957651180594
ck_956dd784525f5886,0.4258038541771829
ck_098167eaf124c279,0.806803811647356
ck_33ecff7914349ebc,0.3770950451135793
ck_e05d44e46c7174e6,0.5883957555539591
ck_1b2ce474fa6582b4,0.727181163163096
ck_ab581082e8f72e3d,0.2519864541666108
ck_e63256667aa19070,0.6737470795771228
ck_f568772b6cb3febe,0.6958450432244319
ck_dd89a282375bbab6,0.6989209629268254
ck_a39d0bca345b492d,0.11753456477549924
ck_d12d2924d0f7a64a,0.5223324210019611
ck_6a548da1728b5823,0.9734198593293083
ck_6d64193681d2a94f,0.5907122905637548
ck_ced6b6dcdc7c201a,0.33130946058333505
ck_d1b0699d26282871,0.9002651440470608
ck_58f757e40a9b8877,0.24641353654657303
ck_3272c2c4a37d5220,0.871251523397738
ck_d94dfde9e03c9d1a,0.4756598936170956
ck_08a6d4903a7fbaca,0.5893867412044798
ck_6c72a36b05fa0f4c,0.7733393312702199
ck_dbb4bd4eda97255d,0.48001298110353835
ck_94b59bbc824b307a,0.051279145031544814
ck_0229a07185f15469,0.4409729523745596
ck_11bf1039f8b3025b,0.388322291131305
ck_36789ca11459131e,0.4356063729623909
ck_8572c5f5c1447c62,0.8295786498527238
ck_9e75c6641939f4fc,0.6014623331358097
ck_b45e47c39d4dc7bf,0.3459698220304579
ck_02903c48b6cfd65d,0.1980163883755658
ck_b153386f1729de81,0.24643827701263027
ck_36979996f33498f7,0.9216978554204192
ck_3c02d4dbbf6716b6,0.44509649256199196
ck_66c9a19963957531,0.8545732599174359
ck_bae8dae7cfd8baba,0.22214155188334042
ck_bba0ccc6cd968680,0.8150967331316114
ck_3267fe3aac05c71e,0.1171265372734041
ck_40052cac10562cde,0.5225624003189987
ck_d973444855403e2a,0.6615026115449776
ck_012519bb095ad36b,0.993710114983045
ck_ad7c256ea10c4a00,0.7954266817243404
ck_70a60e095e9b706f,0.09165897613571135
ck_f2734417c0db4ee3,0.10179930191144496
ck_9cb89cc3178e0172,0.2729706486580627
ck_779cc0f2de4d5488,0.9192666998986099
ck_35f8656bf93e3b3d,0.786735949390226
ck_bdd8eba728800e29,0.7202148001290352
ck_002cf760d173f0f8,0.42434407956040243
ck_b046067c6ca3831e,0.39360627014296523
ck_a4a42d4bff8af645,0.581280859457585
ck_bce253d2396681a1,0.1926964431546932
ck_00dafc060c8de32a,0.19448348252295966
ck_968a99e097ee78c9,0.6862687736675681
ck_66949171b387bb93,0.4712661910077974
ck_ad305286702b1958,0.16227173573879888
ck_4732da7e0d2dfc7c,0.13307006626119636
ck_17a95bba77217d85,0.8613387267391766
ck_3e2516a3e35067e0,0.4082418008580612
ck_0b615ed566da1f58,0.5827727444518404
ck_d2b3ce1ebabe9f93,0.7995478071889817
ck_a892252e4e0c2828,0.3282311261581506
ck_cf606fd6ebfdf9bc,0.1425163629332452
ck_718865237134ebe8,0.12351015816805311
ck_878522cb775b904c,0.7603531553751003
ck_9ed53de6ef779ae0,0.32441166094288354
ck_3f16e2cd7e6874cc,0.6599551555960183
ck_3c59df37895ead2d,0.32017717554323605
ck_6821459b626d492c,0.044494379739295806
ck_11c7667920541587,0.4529952430191119
ck_23a016cf6b98d89c,0.5909260438160263
ck_7137eeb394d200f1,0.8017799041483699
ck_9c4886c5c90ddbdc,0.3685497283030507
ck_1422a7bf7756294d,0.9687576159390299
ck_7ebc5fa7f0d3b8f2,0.4853134118448887
ck_fcc2059a8d5c41fa,0.8229434621907816
ck_00ff7389d6a83e29,0.8535864363736361
ck_03129b41457795d2,0.5463874897412103
ck_38ba64efa7c38250,0.6958572780585062
ck_57a6b56b09bff24e,0.4349863492478643
ck_e3b3c5a80a567418,0.32164713133517797
ck_fc40a16adfced018,0.23216985240179075
ck_9d4b5e6b43bad4d8,0.2393348774573201
ck_61129937ee466b49,0.6701909291563009
ck_74112e47b8629c2a,0.867844247791287
ck_b4703ee97f94d7fb,0.08783064511118528
ck_e560f720a988d8a2,0.9306315949875512
ck_708fea345f68037e,0.19674242839621303
ck_25394c1b83e0b803,0.3824913201804316
ck_17ab24fe914ae44b,0.07707494453456822
ck_16c501470d9bb006,0.3120880518010148
ck_628f449e248c19b7,0.7127284198126703
ck_6d64190623dea714,0.02444459085274138
ck_504a45ee08db72b6,0.42073006920512945
ck_6cbb011e0c70bc7c,0.1835694287727464
ck_b3225a98acd04f83,0.14700490077712608
ck_aa37993f1c17cd1e,0.7047300046753853
ck_558cfe5f77a55a9d,0.394788728435476
ck_0d0a1a021efea5b6,0.5249049911607542
ck_daf7aea023b7a8f6,0.2863402921211594
ck_d75f25184ece2b51,0.20090798933837284
ck_466d4b5366c50b98,0.22987191304656746
ck_88f27ab479063852,0.538807986097118
ck_66779098e78c1760,0.18187178264351395
ck_b150fe4efb449b05,0.09841606395511512
ck_9c3aa9f23d01fa1c,0.05667743828023544
ck_6a01c375fc26705a,0.0727045767594553
ck_002eb6552b504ea1,0.40001472176964104
ck_affa5aa0bff9bb0c,0.6390667151640987
ck_027614eeba8b1a4b,0.4132205700635929
ck_67e075c982add719,0.19604616510167633
ck_399b0d510be98bd2,0.3001479650160181
ck_e9b0bca7368555ef,0.06135503404331529
ck_59c29d9c57b4f994,0.7083326087555641
ck_37176850ed68831e,0.25856356588508833
ck_a0db4ccca08030c3,0.9593456638353077
ck_aa188e5c25f7f42a,0.26385934771279557
ck_7de6997178207800,0.16353701044083174
ck_c729d19053387be9,0.9351839570454287
ck_f2d3e3d90608596d,0.9257666532121275
ck_2db3fb565e0211ee,0.1943843949156866
ck_bed8a480e27e911e,0.16599724906735835
ck_d7ad9921a4d25926,0.7363667757725045
ck_2a59f23fc5194699,0.7522145507007644
ck_63601a58a6120d8a,0.42511982571672047
ck_efd7b9e22c6317d6,0.36246113603936886
ck_9ab42875a0f95b43,0.4476288441388823
ck_85cb5033fca7c846,0.5426974203378663
ck_5249b223000915ec,0.24727056773749706
ck_3efb0e9bf25612c7,0.18028958558527508
ck_678e74532ac19700,0.3184150926500405
ck_a980b296c95153f9,0.45505613942086326
ck_01ac687ce0d696a7,0.27178880291551827
ck_52e1418cf1aa9871,0.4564947231283409
ck_7d28da4f1dab09ee,0.6159645574183499
ck_010d0c2e6c1657fd,0.7461038132257556
ck_b524f7a2e752b9d0,0.4108479772921706
ck_cc447fcc24a0772b,0.9248179043253479
ck_2cb3c99845e572da,0.18887753570049748
ck_604c710141327a81,0.15161139268076135
ck_8d5fa65717d2e0c6,0.6895287058345645
ck_31199510b40602a1,0.47388438626696744
ck_49e253ea12f4e922,0.5056908265468074
ck_780738e0d71e7e43,0.10601039768801207
ck_2cd21137a07fdd7d,0.024632243140068386
ck_5e021f2a3b66e256,0.8128278768811052
ck_efbc79246e32c66a,0.7177506154048015
ck_9951bd806c13c7fd,0.6797901370063972
ck_7a52674e2806d8f5,0.8584366383262247
ck_1a319e509f1efa1a,0.025805403605292897
ck_c920901b9a4ba993,0.9788394692303459
ck_b71279e807d0b3a7,0.24757840827543043
ck_47e1032f490bb018,0.3218010516041447
ck_192579ecdca7ff83,0.476475426337289
ck_b1496c474c4a3239,0.04605556642017093
ck_5e68ea2c5e893cf0,0.6388265546718996
ck_f2ecab85d4693b4e,0.1773083205855253
ck_89d7bfc81c3df597,0.2614419229229019
ck_7929284327667791,0.8884794998150277
ck_494ec63c5ce8e150,0.3778566639970288
ck_319b059bb2145586,0.49733539621445777
ck_ccb3767c239018c1,0.31167809638305083
ck_a1c7adfe26e09a8c,0.685501009972634
ck_0e13c4f73818149b,0.6294955813278004
ck_c285a51ed6214f52,0.6019735748748241
ck_916784595f028226,0.43172167790125515
ck_6cd8e0196365c474,0.5539142691714171
ck_57b657aba4daffde,0.3349364085886183
ck_562c76a3753fc7da,0.9408847391024736
ck_66cfc1ebc9a513c8,0.4067935227823446
ck_0f38d4aed68d7d24,0.33642960894877594
ck_d8ddf5e99f7859e4,0.6041302253361078
ck_41bc3efa0fca700e,0.7333432740090138
ck_40799e129fcf42c5,0.8108392739616568
ck_786f079389126e44,0.799393886920015
ck_bb4c6b713eb0b978,0.615496345524982
ck_4f01f7eac0efaba5,0.36146645577722913
ck_47d29c01b20cf69f,0.5602299037453485
ck_bf15a1f8d67a30d3,0.5878974514649546
ck_bfecad7586f65e4d,0.8516641981340197
ck_fc9f16df35190eb4,0.8942103740677089
ck_c09c914e416edd08,0.2183137076657367
ck_c54c5d8e4433b0f2,0.7226763541214641
ck_1694c28f44480e98,0.24907344628548725
ck_1dcaa3078dbb7571,0.2337192362666189
ck_af559f990c640e41,0.35067833854815417
ck_9b436162039a77d0,0.7821272232957387
ck_79d62ef181bd0cd8,0.44463473175509194
ck_23caafc2cd34242c,0.43648423399873953
ck_ffe2aa26f597e552,0.6617972081579175
ck_e6ffd0754ac08661,0.20306402724969008
ck_beaacb4a783db21f,0.1048405707705283
ck_9863bff41d24ce9b,0.17649248159034864
ck_323b9cc5c49f8ea0,0.4063238149911351
ck_ab3de3d3e41c2082,0.25772176132392155
ck_35c93b2924900376,0.30990057085108424
ck_5a9d5f9901e37e31,0.3943198137261722
ck_782b0be796164335,0.25592001760989463
ck_11960b5f1c7a5e2c,0.21310771561801622
ck_9a66cb13a9884cc2,0.5892499754811391
ck_ba666a425930615a,0.09721320783520702
ck_40140bef4db73741,0.38562531582628967
ck_e05e91cc180063d4,0.9078113122137457
ck_c7f6f45710bc050f,0.5210356484724199
ck_055fb9f2e1c8c934,0.804206104481553
ck_58bb02d98e2b9cd5,0.34783591224247834
ck_d9f8efa6a7800f76,0.19839441394799412
ck_69691226c68fd50b,0.9243079779522357
ck_6f2f0396e5b1c538,0.9837601624924126
ck_78bc3f1d0f35ea6c,0.638985214120479
ck_2d5a6b6636a2596b,0.07685276714697532
ck_7878545739af0a73,0.05332731979229955
ck_03c4fa4f3ed3512e,0.32824121706734244
ck_1a9e51d092d62c84,0.9039065256001957
ck_9f3861940d8d873c,0.7964531113000766
ck_4684fdd61c6a0fac,0.46876191344470497
ck_715966f86d5c913d,0.4182357922852593
ck_77f293d44b4a3d2e,0.6089126569769925
ck_24dae044dc05f849,0.6205029727352981
ck_00b9818e2064405e,0.5534311014462006
ck_c1c2cb49c3c1b0f5,0.9044003967845706
ck_bed50fc64fbbf8ec,0.16682107052391892
ck_4f6ed5ea5ab7c429,0.10074308641505558
ck_458531c22ec2f9b3,0.7209188298759421
ck_51c50c4c443df31a,0.9282906257866812
ck_732d45bd578dc39d,0.8152082361048978
ck_783fe5bc20cd02db,0.8032730142425579
ck_7f188aaa63d1d442,0.35664099429069773
ck_ef307a6aee38d1fe,0.9703077928857635
ck_e37196b20968b73c,0.6441901519442955
ck_4ef9de711c3d93b1,0.8419353236740915
ck_17946516d5df71d7,0.4550818889778397
ck_3534be0f4efd313c,0.4013692639676638
ck_29fbabf855cabdff,0.21592255471681637
ck_191673540d8486af,0.7977230349157527
ck_5f52728d777ff2c5,0.698053408808682
ck_a045a19369016818,0.9976927628174904
ck_4eadbe7298b15e96,0.5697768741884816
ck_a3a0bd59729fe619,0.34837684963617643
ck_a1e77090b1c6ccf4,0.3836677239274272
ck_69ab9d4784eb77bd,0.6575396587219934
ck_baa47383ffd50f04,0.45519067095335175
ck_e35b2ed08b9e55a7,0.35553288313940273
ck_b6e3af0a5119d9a0,0.8883302284597041
ck_a7c1dabf3869772f,0.7807332910747933
ck_80b8fca67a14e0be,0.9476765680311569
ck_dd9c5f0c42878e67,0.3853571715862622
ck_41ef7967faf5ce82,0.21328839453487852
ck_a93560aa348d6225,0.770471461682551
ck_ffe91d6f0bd93fc6,0.9257840237667673
ck_fbf630c960194033,0.44315284740405897
ck_497ed60723283c0b,0.3444115723563707
ck_2a46b7ca55239413,0.34625059764551236
ck_1a4e5ace078dd782,0.7752825798872002
ck_616cc31910f5de50,0.3242802824261966
ck_0d65bc749eb42710,0.7414775360446896
ck_2408db62e4395ccd,0.19087390507231616
ck_5d7721930106dce8,0.4599413887577146
ck_e8a6acea22b20312,0.8453549243805865
ck_e2f792fae128b18e,0.8220241026837024
ck_e6d3ce445b86003f,0.27181981393610427
ck_263334d722ecbc97,0.8622600141621245
ck_8c5b29f6666d4874,0.8409442477576012
ck_7ea0bf310fc20c7b,0.978210976247513
ck_54d463f7fd89ec3d,0.7956036305525092
ck_79e45040dbdd6447,0.597217199065899
ck_60b4d59953505682,0.9394748419587604
ck_fb00dd5021642507,0.5138768939714193
ck_f409ff994a210601,0.3834034355191373
ck_2ca0020038bfec58,0.9209538231006231
ck_adf84b9df54c3d80,0.5225783652417665
ck_942dbf632591b65d,0.6293111723222446
ck_454a7e4d859a3409,0.07897173949219148
ck_2139062d4569aa07,0.08843075780523696
ck_e949a0f4df0b3902,0.6472794509706367
ck_bb113e3e6716ed65,0.34119203930321623
ck_6a28ea6ce69cb869,0.8988001079666708
ck_7df9910af2bba21b,0.3203598371648622
ck_78aa4b731cbfe251,0.49053102617671707
ck_5839f5cbd8165b1e,0.7520992273728149
ck_7158ad9e58769ffa,0.8419687494174686
ck_acee218cbe61df69,0.558274420294294
ck_f8dc8473c2772729,0.8413071369662418
ck_f34c93a8173555b1,0.862886488963119
ck_7cf301d075e4e709,0.45120942875077824
ck_b87e88ee5512ea17,0.0864908427359975
ck_bed0c020b10afa3b,0.26698759508812175
ck_ca10102961f99eb4,0.29429558714682813
ck_393287947b5c8d79,0.6281379215910505
ck_2fe6cac002142f67,0.4450440746230895
ck_79c7f0d29b1db1cd,0.6623350280128885
ck_c735b643d3cbf67b,0.1870758822524401
ck_ea4332c8fe48e2a3,0.4161997266155348
ck_d39864119cdd460f,0.12834167420009962
ck_3b963d6be2773861,0.2305371653205182
ck_df39e3b8a9fd0bfd,0.9728785253946574
ck_6236a461dc0d11a3,0.20082486665386756
ck_475ebccca25e30d1,0.24824366054938116
ck_c10c8bcf5bcd516e,0.7547743637414865
ck_49ccc3716a564256,0.48076407705976865
ck_4e4f99102f6938cf,0.16726432594221594
ck_a97b481ade6f7972,0.6956857712258862
ck_3fa559c679751b3a,0.5356839008285126
ck_3eba1fd2c7acc4c0,0.9374988704143391
ck_18c179b4afc4fccc,0.44865242697380014
ck_cc1c0b93d05b7d20,0.6936980871313874
ck_742f7c28ddd019e8,0.6955565011570072
ck_04470bc93b8a0d71,0.4174023667264293
ck_6e8f8ef7a03cc6bf,0.8378835901620397
ck_eb1ddfc353b4da83,0.10370710660320966
ck_98831b57c7ca2e4f,0.17254527768111863
ck_a6c7b8d6e8596d4f,0.7965910666462754
ck_cd7d24e3b095e96e,0.7937271431563137
ck_3f5ae4673a9f858e,0.3923877553752726
ck_05f375fc8ae0afb0,0.47366734459994003
ck_1fc98436281ee39e,0.12517969480641306
ck_6c48c58678f64bae,0.1012840238087537
ck_8c95aeec6a4c75b0,0.14086810747015766
ck_364cde38958b7af3,0.8694274539404451
ck_85bf21aa1a00452f,0.24901910043071598
ck_796d3eaabc667c23,0.9899605640043642
ck_ac449ee0c315edde,0.047985480846188124
ck_6f9fd15ac6b163de,0.017248680519670104
ck_4087065be2a45ad7,0.8918597104985999
ck_ecf006bbc78ee3eb,0.9264278691224015
ck_8ca808cc5a49cb5c,0.2947313823877381
ck_94b90ab8b2dfb50f,0.7648012941051393
ck_59fd11b3232de9dc,0.9748274320161999
ck_67f3794d93e2dd67,0.9401894848988561
ck_b7f5acf5df1bb13e,0.4067655293786058
ck_fb04ecbaebb774bd,0.1993586054735447
ck_68ef3e7301c621b7,0.5389422113546233
ck_41406cfa209b6bda,0.11353959184100992
ck_b0f8f5408662337b,0.14981943360094302
ck_0d2901bfe585c391,0.7071662056517907
ck_3398551e81dbf3db,0.8423193135260654
ck_61c3e3e277629646,0.48684481260511064
ck_2825e34dd3e7ea2a,0.35915325431517403
ck_20d7571ba830009d,0.225700207292923
ck_c98b16f9a72a6568,0.023732272369467275
ck_e7c8a9e4641eb9ed,0.03495921211220979
ck_254a7c97c36dab8d,0.31879825394303435
ck_e98429675b46272b,0.26527200133135764
ck_c2fc0ac460786d02,0.8280979551245492
ck_fba15647b3a140d9,0.34415474412546787
ck_15ce50f2704227be,0.36053981662470197
ck_8c748aaa4a4554f9,0.5555786700892115
ck_e00e82a9419ff086,0.6842337170887627
ck_832341c98254bd84,0.8153886087467769
ck_27466468d06db4eb,0.8322585608780827
ck_9d7b9e3ff1f3e71e,0.8527071697054155
ck_42c6973d3a6fe983,0.09900727536283327
ck_877c85bad118bc62,0.9065920946301169
ck_75d2a2715259c4d7,0.5958636659587954
ck_37d3e5c681a2214d,0.8827396340100433
ck_bf285dd49f372de4,0.5544132760763573
ck_a5bdd026fa9c50fd,0.6399131331618341
ck_88d9244a9cf7a77e,0.9587813013414548
ck_5881b174e49b04ee,0.18067216980537698
ck_5b16d67c5ea89930,0.6172644474866182
ck_b75b936aafac56b9,0.3954913525505111
ck_aed2681e1646a0df,0.6713601435238183
ck_f63cb5e8cc702bad,0.2881468104918736
ck_1805fcfc4a9e4ffa,0.9794843236768992
ck_25c355da356c730d,0.42941312535284326
ck_70396398e4a96449,0.09825315213384538
ck_0f743bd13373748e,0.5760179359562733
ck_4b387765f0e916cd,0.01760499289879876
ck_e971faae8a10a260,0.09851704400118248
ck_9eb08369e983abfa,0.01619812302784308
ck_c30c5844512e429f,0.6482769779735948
ck_59e77e3a81f1fa0d,0.8561781792598937
ck_ca4465f2b5c1a52e,0.9775050185847372
ck_c89b9ca398402f1e,0.6123186172175412
ck_36e72ef9273e7a95,0.4106354942728168
ck_2bdd8616870e5e1c,0.3971857199208979
ck_216e87a41de22b5d,0.774897580944307
ck_60f4fb44f5efe3a0,0.18543056379614056
ck_05652e8ace6ce6cb,0.09091959272955842
ck_8c136dc691e65695,0.016218124314287614
ck_a08f8dfadbdca112,0.22687538593998588
ck_bda4041a3e90d860,0.48368375203637376
ck_15dd3ecaa8ce0245,0.9371131686555101
ck_3e3c64b3b7876ce6,0.6338043590797686
ck_46225858a38b2e57,0.4171423306908297
ck_0cb9f54928f4feee,0.6706851066156588
ck_152671fbf8a9a78e,0.7901668661058454
ck_ee7a515e87d17d4e,0.26880319527710855
ck_f7276091bf513d22,0.34654418516753316
ck_4f05daf1cf0d5755,0.09915505082031527
ck_83a69c4a5d55ef19,0.7717560348550924
ck_c50fed2a7c9198c0,0.7861895700009791
ck_70d19d5650ddc8f5,0.26647420942422484
ck_4b4d99e443618904,0.4442001616141148
ck_dca0b6ca93311ca2,0.7677340872636937
ck_b7431d4706461ec6,0.1505618442798535
ck_7b59d22cadef3b05,0.7539403611097645
ck_53428573abcd606f,0.620781423893531
ck_f538ab6aecf2adfd,0.002781107080439785
ck_d321249fb065d2fa,0.2264198956876146
ck_72fdfc7e6d8e1436,0.22665057782058823
ck_b52b99dad89ecdfb,0.2873896245130536
ck_d2d4282f9d256b3e,0.5212781334214405
ck_c8f2a1dd8a6141a4,0.02435642271364021
ck_8d38747058d0aeea,0.9284422215988264
ck_3ac528caac74f563,0.18028190939887437
ck_8dbaaa00ad829ca9,0.5690571857937899
ck_7c38ec898f0fc21d,0.21337292285125578
ck_8171ef803f5ff604,0.7641407810108012
ck_01a750db6fc1168a,0.7824780936793186
ck_ceb017baa26e98c8,0.6524473683613369
ck_e2c66c72cc0b0f78,0.8888061165394727
ck_8d9518f64b222416,0.30859278858740163
ck_804c5a1fa5753617,0.161038174873288
ck_fca7cc9c42695453,0.2817498554062616
ck_3a632cdf2c19051b,0.18671794823242588
ck_b2b63ea65edf1dde,0.49698614747176345
ck_27b07021500ee841,0.685699059444136
ck_9724718fe64c6557,0.9860400284770603
ck_2786cbc3e75ec034,0.9389455268491701
ck_d9c2622cb6df380b,0.13045560109071982
ck_ae1da8ee98e402a4,0.09956286231339678
ck_62967b91504149f9,0.11797601802097153
ck_6b255bf68709109a,0.24287212594858615
ck_c55afc68421d85e2,0.39636649258908535
ck_7c7266f6ef2a8466,0.7223032837376622
ck_885cf685a9541190,0.974648771281176
ck_1a4bb7d3d2ee3227,0.09994917662219226
ck_b4911c42f3bff740,0.04025560648988346
ck_66f9f78d4c6a3edb,0.7855160289906613
ck_49bdba9ee1899dfe,0.5331244843287433
ck_79b235d51718435d,0.7577918109594622
ck_d840db8cfe2ef6f1,0.09046046265446318
ck_610c7bcc1cd7ecb0,0.3799915109990431
ck_cf49b6544aff6c50,0.9171117613441813
ck_de05f97c3d40dd1b,0.7787052078664527
ck_0302f67d75973dce,0.48284207321825107
ck_54c2604c9ca6256b,0.6393456531292541
ck_a1c88c0568f142d0,0.8279463593124041
ck_5d72ff6cc2963d1a,0.010740744744768462
ck_0446920a1004c596,0.05940673997173916
ck_71044c29ef071570,0.33265299304721635
ck_2122e9bb1afffef7,0.6698559334295191
ck_d1e3de178601d3c2,0.8939481941072269
ck_bec8324a3587ef04,0.18545288953940664
ck_b616b6f45225f319,0.6056072802415584
ck_ce1e695884511479,0.508426579324779
ck_a662b4bf900781e4,0.058444350619013305
ck_b5a84c5547378c10,0.12832338482051026
ck_f80af368cfc6cb7e,0.5839841955830987
ck_da3526ab6c5c884a,0.581472025824592
ck_bd20be9a3392d79b,0.3027414198091309
ck_b8266dcd90cbfa62,0.6039038858417941
ck_ac84b33304362c06,0.47052084332209887
ck_794d8935a895e33f,0.3888047560405855
ck_8fea7d915259f1be,0.12802343647799122
ck_7a1519ad5ff45312,0.04612342699784437
ck_9bf3ce30b65f75c7,0.7783782848670243
ck_5f864d72d1eead99,0.6959148317179742
ck_3c48e0cfc2a58041,0.917206596578764
ck_d902183f80cc81fa,0.6756132600551128
ck_539cb0d117db8cd3,0.9262348651054955
ck_28f530aec8e77130,0.4409430761879369
ck_e7d903c50d353361,0.260715170891776
ck_d288b77d1e227970,0.7583765712807126
ck_017208fcc01b5d40,0.3151064726328352
ck_7e3923d278a5106e,0.4011450683982326
ck_9700a00ff9e66216,0.6890301857365465
ck_5c36c78b7a4d138c,0.8236691148650188
ck_c457e9c9224b773d,0.25022682147328085
ck_1dfa91405d7e66bc,0.19916116855200908
ck_f1d8a2695a575e56,0.398389404599786
ck_3b92a46daf8d00d2,0.6035922249491976
ck_aab23b5470469649,0.6613833421193208
ck_ecdd01a391610d99,0.14079721961972666
ck_abd3aa292f8edb4d,0.5631439207173913
ck_7fc9a0776e1339e3,0.053548704097986885
ck_c0389ebeb0e65cb8,0.050746586640183375
ck_48d0fc4f6a2109fa,0.9952559492911186
ck_571dee4f3336c7ce,0.7166990488220552
ck_4cedf26628c84f26,0.2671537147140882
ck_63356762d24aab81,0.6658305620244103
ck_2c5bc11bb7ae5d2c,0.9691323079637174
ck_6d26a152f900fee8,0.2620112406053812
ck_c972b0e781efed3b,0.07119308701970829
ck_fa0ecbcf9a33d6ce,0.04613110318424506
ck_fa3a766e49dc77ae,0.3496010224084315
ck_7baf1e55db0dc558,0.8943409595024903
ck_e8bc49e6494c1f37,0.05004992680469386
ck_8ef1d05cc1e53e7e,0.5407661905459468
ck_cef2a485a77e0723,0.1468711623265431
ck_228a583f23abff48,0.45778908093509085
ck_ac32c6e374782b27,0.6159510072183733
ck_b9485218cef413f0,0.3981681105600683
ck_7f15503048915d6f,0.0510634187304198
ck_b62f5144db15ad34,0.8252573664687727
ck_917d82c552f95a23,0.42903733397126687
ck_fb4797045077bc6d,0.28286888602572846
ck_2cf8a44e041217de,0.6433052724044974
ck_b7dd681eb3d2ee38,0.10528979046837085
ck_e9e8cacd2fa35e79,0.7072323543226091
ck_342a79f91de5d1fa,0.5926333843134979
ck_2c91f62c05685ed7,0.08918711522507686
ck_e30cb64302939f38,0.8750989368837591
ck_d0e95b90ba86da10,0.38108225159569836
ck_1774faf414a5d49d,0.9386089094815028
ck_2401e8ff89e574fd,0.9644460269233177
ck_0cd8802264e0a1ef,0.405004194434331
ck_da84a0dfe947fd3c,0.34767826188481815
ck_c8affb27ba7fb5db,0.7259472960226019
ck_bc7ece8787ca7200,0.549913025682399
ck_469a0578d05990c2,0.2787905196088251
ck_eef67f8dea702338,0.7742185979384405
ck_4f490e379e9ded9a,0.4024647792210063
ck_354379de065a8ff8,0.1321057489926017
ck_5db1cb368bc41ac3,0.06364823421892585
ck_9b1c3742dd6fcb8b,0.6346505965455648
ck_63ce4f44c92d7143,0.7656305575572485
ck_e15e3390f5ed45f3,0.39962002845850897
ck_da645ea91d66aa6f,0.8424329249471598
ck_834ca727df855f07,0.78588879309948
ck_e1d5ad20c737c745,0.8315152313742225
ck_ff8059ae5fa5f1ee,0.013816051897195362
ck_8bb9e75393954a1f,0.13299220504030065
ck_4e1757d1347ab387,0.9899812681067447
ck_af3f74b1d75a5d95,0.7348103282712422
ck_6b1ab0742ff04c3e,0.4862383390905607
ck_f56073911c9f1ab7,0.13263194656346483
ck_51bd5f69b4fe0b92,0.9497169763395413
ck_fc3d95030b81f416,0.024665668883445513
ck_cf78169633a1600f,0.12893582261460573
ck_ad7269eaa65c67f9,0.3384649718025645
ck_cc6d33890d47a6cf,0.8746751604679097
ck_bc8f31f4a2ffa1ae,0.16337703562634995
ck_720776a46e56dfa8,0.37846809270020504
ck_e2d1f212f259539b,0.5289308493727856
ck_eaf6f7082c3db2bf,0.6807302006158571
ck_773efe58c6278c3c,0.46381889443937196
ck_c4a72c09f2fdacc4,0.08065412351459215
ck_8982888dd6611143,0.034812265213707845
ck_9d5049e195eda029,0.7000123160734468
ck_de58ef6f9fe2b546,0.7299640724163605
ck_c0b50c11e4f5adf7,0.6455714076572292
ck_ddaf228487858bb8,0.63582709055853
ck_eb2323215ff70362,0.47125509100768637
ck_168c96a1a636ea15,0.41127811452851826
ck_9c46711b14d9eebc,0.20946743342177
ck_de8af660806b97b5,0.1116690687243599
ck_6ab83f45bf16eaa6,0.6433726461752485
ck_bf2228a052815840,0.14217237565416038
ck_3f943f20a9da9bff,0.6179466737742559
ck_3baae40454c00938,0.1691469936269706
ck_bc2e771a1d8d2dee,0.40364995851129143
ck_e55f5ca37f30ce8c,0.4027282745473906
ck_4ad5937bef176d89,0.1165817795250429
ck_126531a9126c17c4,0.047741986806248325
ck_7ec423cb56257516,0.8817898760323446
ck_54748ae0f2daaf10,0.5633219689024488
ck_ff24776280ceeeed,0.4842364922461188
ck_3c3a1a1365741bba,0.46092729347656486
ck_615277c8a4e2b18b,0.3221285871535393
ck_a96aaef34173aee6,0.872101094411275
ck_bea56db7f3e930e8,0.15332698643752546
ck_ca491debd3b32a59,0.5446743107072374
ck_d9ea77f4114a389c,0.15490120103438043
ck_322ffda3332d08a2,0.6502686984317704
ck_c40ffefe4e30b001,0.6991480955030445
ck_3b1d7648d4580bef,0.3044462198407672
ck_23981a3261674131,0.2246297742576955
ck_11667f5b9fac7bc7,0.008753763466205648
ck_646bb3c7be5f0817,0.4450574088140525
ck_ebd0a45712dcf07a,0.6609791704489633
ck_baf43bf1bd963f9f,0.508157642002846
ck_e0ca2c819658f6b6,0.9949944721465727
ck_f0d6633d0834fff5,0.882072057279271
ck_91081be0254878a5,0.3323338365001584
ck_1325000bc7f35b5e,0.21875577346117542
ck_c624b9063400fa3a,0.784371951630154
ck_0ad6fa0e23c3bd0a,0.9066007799074369
ck_6ddb55b1f23c6cb1,0.6394491736411566
ck_dce1fb3acd65562f,0.12472503311302183
ck_a9aa389688ee5aea,0.4250549924118046
ck_5c5284c45d9ad8bf,0.8323918673106383
ck_9ce743dd3e92549c,0.77500969646756
ck_8342e08cc2f9bcb7,0.3062130419135755
ck_25e551a0a8d2fcc2,0.5949730832814502
ck_d4fd0e438c97e0c7,0.3804049804966869
ck_ac7fe1c344190c50,0.5145067023201546
ck_ddd65711b5651f89,0.19059312945726162
ck_ec7406cb5cbc8f10,0.20645796866517813
ck_1c65e8d5be3b9c60,0.9476254654581568
ck_38ee42f15a573e81,0.751028056044577
ck_0e5385c70c6de025,0.219273772561641
ck_d3137f0f7629040b,0.337350193555788
ck_9129c92c12e0c8b4,0.36260768639691804
ck_c86520a00e50a926,0.8705785949373865
ck_87f82b2b5fee757a,0.7472899113409904
ck_643abfbd7548d0c9,0.3996647702110107
ck_be51f4e5e6b85768,0.8962224020873121
ck_132c16312f37810f,0.3045342977138988
ck_c78c096ca8cb33ac,0.004227763515270899
ck_2ce5afbc014763b8,0.6054781907046186
ck_50ed8f4e7ae6710f,0.35970446315000315
ck_5a4eb535c9a11993,0.500355870705191
ck_9b665ef46d785324,0.4940991051566299
ck_e066f71f8b296b7a,0.20325944598938733
ck_560bc6017870ab06,0.08704853813436896
ck_fd78f8a8663646d7,0.32177521178119867
ck_4af5ec61ddbde1a4,0.799190791993917
ck_c2ed04a9d218410b,0.13767554907391238
ck_2455d43bbdd2bb69,0.2893540995164112
ck_56eed7041add49a1,0.7240575647014129
ck_5f0be7b468a72333,0.3400651519654095
ck_19660cec756632ca,0.3389805561802389
ck_fb90408f4892a21f,0.6438575258073203
ck_833a65b86a5d9bda,0.15229734905709258
ck_2ac36e1dff211d38,0.4927914131589169
ck_c00e70606904539a,0.05912293708392709
ck_ba8affe4b9505a95,0.9096814387894429
ck_0c3dd22587b08018,0.5515266303021765
ck_618c4e5cfae99dcd,0.6768271259091624
ck_c9690baddfc4177e,0.15367005489166066
ck_59fae092fb0c4aa3,0.8288179497942241
ck_e03b7d0fa0b28f4b,0.37866816035354545
ck_d451d24c780b5884,0.5017421267397358
ck_e980d325b8dbb8dd,0.025557963467645925
ck_cff18e2d8c520272,0.19845077798460375
ck_a0e46b67e986ab56,0.554604964727361
ck_3a469039a5b9d963,0.4118026904584958
ck_12cbb211ebd2b437,0.38783267231962065
ck_b8cdd6d6dccc4554,0.04004119555466084
ck_794ba5921cef50c9,0.7500258801279756
ck_2c7667f64edec2b5,0.46468745764843433
ck_7262b4e0c29c942d,0.7437219581041217
ck_5d818522cbfe2a54,0.693985620107893
ck_de39c1947fb675ee,0.7509972610330047
ck_c021495606b4735e,0.27844175767305307
ck_1fc03ba33edd9e67,0.7090462426047407
ck_a6fe344bbf67f14b,0.1739948711227377
ck_963762210edc5694,0.5664865790279401
ck_d064428b7e7dc409,0.23934961728015508
ck_59be61b53d971611,0.6297059558993462
ck_ec8738ec663cd2eb,0.4571863375092345
ck_59d086fab5998646,0.6977528479161965
ck_bd32dd3b2cbb7888,0.9924912036743994
ck_ce0166addb93bbad,0.033123916911761656
ck_7c0fdfbb447cdc04,0.6012293265460145
ck_cb1bd7635968ed8c,0.9301196504326006
ck_66f94903177f20eb,0.30952850955820144
ck_1d7cd5dcbcdafd7b,0.9378889148118279
ck_5e418a7c04437b4a,0.4938774145759594
ck_631ea1ae91ab333e,0.49640270251641555
ck_0a8029e79a5ae7ce,0.7268172648635363
ck_c4cca8278bdad9b9,0.01913113219541117
ck_4dec3df58077a257,0.9341981425925481
ck_609c249edd88c565,0.2913834980906542
ck_02e5f9cbbbf2f078,0.6423167369538424
ck_32e486859130458f,0.9524326375650989
ck_21ed2ea6386c5a07,0.16469249407643327
ck_1242aa4496576a99,0.16019022550063658
ck_475ea9aa6d3898b7,0.8989240263059707
ck_fe1b1adae3be70a6,0.9660800293704926
ck_c5414d7a8031d4f5,0.38497510965015713
ck_ca1f6f01868e978f,0.37772020454867145
ck_5eff0208c74ec714,0.28355878849976685
ck_a315c9619a317609,0.5012977364874756
ck_2b87683c90acb852,0.6361159389009381
ck_7cd9f39c50748ed0,0.36258346821485765
ck_16a06d58d71935bc,0.8015137780901808
ck_d116e0e7c19b878e,0.9573499972794249
ck_931510e384b1d0cb,0.700567290474044
ck_e7651fb87bb24132,0.06513730794943717
ck_88ef9f85948e1a01,0.5945972918998738
ck_17bf38d51115a8f3,0.1429966839176433
ck_2659d1d3762a2825,0.445880401711633
ck_a7285955e2852686,0.44841388812248667
ck_f2c33d5b65b321db,0.6765465663031215
ck_83e5979334345622,0.6240815391653556
ck_629537d8b4d0f395,0.23681665315329825
ck_72022008a92c9386,0.4002644863641096
ck_2973b8274f0bf69b,0.40978500443433025
ck_565e3418d2f4061c,0.6675406235196562
ck_54bb53b8f8ea32ae,0.9915564917945188
ck_af0a6540ea7a36b2,0.7490487509524149
ck_888651bfc2c8cf70,0.22796704536159068
ck_1dedcb48ac381a1c,0.7474875642715397
ck_f73273e220296be8,0.8619862119175348
ck_8424bf65223a5a9e,0.11254237111303496
ck_337b930fd149a696,0.3168551310690982
ck_8a4952de8a123ef8,0.36603233255800893
ck_884168153c9c0c81,0.46035929115998797
ck_fdda581aec411010,0.0515811115559022
ck_2b7cadbc8b180d32,0.9813961647323407
ck_8aa8b9968233a1ab,0.48088114777164787
ck_0af18b3ce015d294,0.18806279606220958
ck_8dde670a735d1e90,0.8852996630597789
ck_62f46226f244139f,0.45236543467037665
ck_f948e8a8fdd79b4e,0.5964074146162375
ck_fa00aa0f3e859904,0.7268986756411864
ck_fc7935f784a4f249,0.4802510331479294
ck_e7501307c0698e5b,0.7210249811196494
ck_549ed417f2834cee,0.8533676827997536
ck_fb2a35571ec719d4,0.9332123281396674
ck_25822068c86c856f,0.0694512214219709
ck_8f35d229b62c8f23,0.2986786765629377
ck_bdcf049c1e7d0c95,0.4354517498774882
ck_0aa9db36eb16422a,0.11082989489499795
ck_42dcf92e9e016922,0.8503164132974479
ck_42341cf31c08c981,0.1459618937286557
ck_0b20bfc515ba42a2,0.25085185516532893
ck_0ec820b670d48098,0.058334163011629234
ck_1f0bafec397da8e4,0.3799420300669286
ck_82f07504ab59ed33,0.5064781047212638
ck_337b24a474010abb,0.998416091034906
ck_703703bda38fdcf8,0.7351322058160744
ck_01e7960c63dca3a4,0.9702423470308812
ck_be5bd81e3715cb8f,0.9625929646272771
ck_197f8058cea1fbea,0.03109543716246825
ck_eb3fb1106f2f1b21,0.7517240130641304
ck_658b4b54be09a4bc,0.9922297265298535
ck_266ce7ccf41ccc50,0.75625264374687
ck_110608c3b03d4038,0.9207066892379594
ck_1be8cb95d6d9bbf8,0.23581618914355212
ck_8e16a64a776afa82,0.8658546357809194
ck_34bd190d37eda534,0.8496168164551704
ck_4f521611ae14ae66,0.11609356634523046
ck_d839798f9520363e,0.9156433917160505
ck_d1bbfd246c0ac9d5,0.4935255351014603
ck_f19030e6e85a6776,0.7974025630027923
ck_cdabe60ab59f9d5a,0.4870898380199665
ck_bb84b2b30293f566,0.942094658858816
ck_427b91925952cb40,0.6359339446181733
ck_1078b1e155b5b640,0.8351034921725191
ck_95fdc264eac72fa0,0.0321497247429888
ck_e35eb857c61548b2,0.9350640750698056
ck_69bd0b1abea7e1f0,0.7225607245185314
ck_59de511b20c842ba,0.6291985699920694
ck_168e7ea341a36b80,0.3462216048067647
ck_4937cfa6526ea138,0.48732271886671763
ck_bb1a981306b750ac,0.882866183081148
ck_f42a43e4c3f34ccd,0.20731218859235828
ck_c7ae1d4b3ab38185,0.1862815404415495
ck_bd23cf9bba1dd33f,0.5547902022918969
ck_0fd826fad7ec7cd6,0.7884972037244415
ck_f143641bf3dd0414,0.6765202041961788
ck_ad6d48c20a3688a7,0.07111592861474857
ck_7bda5b5b927b2905,0.891084270617265
ck_a337eb38eefdcc88,0.8315733073176874
ck_403da2a2d800df9f,0.9544980926145238
ck_aa01d5aafde73d0a,0.26615982753385403
ck_494954023f0eb309,0.8532463951922584
ck_1c6820fc38135ad9,0.5757798387788974
ck_0e0bab173622db9b,0.8781515217519671
ck_547090bf35a3b243,0.48271127177445605
ck_d69455220b21dc9b,0.1902277352598603
ck_90b4ac695b9c6bf7,0.27174941289259563
ck_8d2afe17c0082e6a,0.6768659033821187
ck_926b81c0ba528eee,0.769118018841417
ck_ce36b0c287bd198e,0.69860737411836
ck_8026e017909aaa6c,0.2112290842969383
ck_dfba788f35d4c372,0.596101808269156
ck_f09f9d0e0886e0c6,0.15616717855234924
ck_4ffe0366df388604,0.7060221282912835
ck_75bb521de55644c7,0.1615003322211408
ck_81a960fddf79ecf1,0.9835280747275671
ck_8f43459991ea511f,0.6477137148366305
ck_f878b68d66fbfd4b,0.04706511224818971
ck_e84abfc0c747c9dd,0.9708524603681552
ck_3ad3fd3cceb56b66,0.9753797756849922
ck_7cf562578c7f158a,0.3239754691610208
ck_f81a97d350397306,0.7937441171700006
ck_255d87b7fb40caa5,0.6240938642653995
ck_b3905153b9eee924,0.24106441795501365
ck_2c80a592fb4cd6a3,0.01859747444716098
ck_57deb202d4188a29,0.49069727154572756
ck_e3cb5f31d8e94448,0.9541745031628363
ck_0db62d5f7f75f80f,0.6098263584795095
ck_ced9163ea85589ea,0.7364595928252488
ck_e16528edc694fb33,0.9697574673988094
ck_78cc5ec4940fec3b,0.5246125029956223
ck_31742076e9a998f8,0.35039940058299884
ck_5ac335f02280271e,0.48086658848075203
ck_7cc2e091806cfa5b,0.8575650478444048
ck_3152c7115257f084,0.6808932027030964
ck_ab1b9d019921bca7,0.48186332240180463
ck_c33a762d98f9b290,0.14244271860796537
ck_b16a7c51b6f7a6b1,0.7867927099677884
ck_97402a153348e68f,0.24029858217594835
ck_95391029a21caa24,0.68219129059854
ck_c2015a1200971fe9,0.14039686830403222
ck_ed4427962c68918c,0.9555176390857647
ck_c5e4a17d3efb19a4,0.9270717144780358
ck_8aec3d3dd51517c2,0.0903142185718972
ck_f5178a658225d8e4,0.12234234943240772
ck_8594f165e95316d2,0.19031480404207274
ck_f0c4aac04076a6dc,0.6904458311507916
ck_ac2f7397801036ef,0.3933279447277764
ck_d1ea4bcc407c7d5e,0.3048388047040914
ck_cce8b6657a538fe0,0.7000988625716624
ck_66d0c6d6b67a8d58,0.1752588304588682
ck_1a6b30320835e57e,0.42228134550875185
ck_8cd274cc85aa35d1,0.6611456866158825
ck_ada46085a78280e4,0.26849816600291915
ck_ce1b06623e4a815e,0.5220317698435061
ck_45e70c8a9686580c,0.7373225882957185
ck_0084d8ab6b1044f3,0.2992431293227602
ck_a5f7b6fed6df2aba,0.9220401307926488
ck_94940d783e7988e6,0.21857750926710426
ck_00f9ca84d1d8ae7a,0.14421327076946722
ck_0deb56f3f6452818,0.05049945277751961
ck_a58e900469dfc3f0,0.5627171170287844
ck_028c41b195280980,0.4142445494394635
ck_7661d7ceaeb19f97,0.3327150150883883
ck_6957905a65c47879,0.8900971407984819
ck_f7c6c26ef3c4ae06,0.7356373930095739
ck_8777beb11aabd66d,0.5214306480585352
ck_7db098a17374bbf8,0.9664046279130992
ck_66aeb00e44486cda,0.8578131907979878
ck_838c52cc1d315ec3,0.2742216703441829
ck_1745847cd4e5dc83,0.7609451953417984
ck_201687857ec8b3cc,0.7915995757997473
ck_81818169208a8cda,0.8840577231919314
ck_3303fd3f64632c7c,0.6813958494307606
ck_edf1096809e83ef8,0.135471219853339
ck_235ce9603c7dccbf,0.5455355942708517
ck_9df7e153868bca13,0.26128457884022493
ck_3cfeade2cf270fee,0.3149641746479764
ck_982b0bf2e2b6c4f7,0.16002621432247807
ck_faeb0da678bb86c0,0.46672795622278834
ck_e86ad2fe815b6ed9,0.42248456617789387
ck_70d69e5d1bb99e85,0.5609739360651446
ck_7e9a8924eab779e6,0.9691433176978589
ck_019d5891103e7da3,0.35208205540330817
ck_14f0484b3817eda5,0.01274943921663097
ck_85de63d278f0fbae,0.05293959985163214
ck_ae91b4cff57fb3bf,0.3075735483911438
ck_2a6d43b9f883b78e,0.9411295485083159
ck_7a4e3d553e8ab5b7,0.8840236848985878
ck_fdf89dc69f700f84,0.8708821831026295
ck_f92e04024bf13558,0.022405804185242503
ck_4a522ca2dc4831a0,0.0028856366832615324
ck_68ba25dc3385fea1,0.5574101997238916
ck_22128a4f0d033422,0.6475773811313172
ck_5b52ee0a13c71590,0.21310376952030907
ck_59472d17debedafc,0.6753273487194927
ck_9dde2c63acda3ba3,0.4190490005486312
ck_7510b1023cd08531,0.10918882881138875
ck_071ddaaf2e4e3671,0.40961502897662616
ck_1355db6f4010232a,0.5673453221257193
ck_0a7adc2f27f98510,0.9285434176539074
ck_68250033717cd59e,0.3828677595890488
ck_7c12de74de30b788,0.9636235208326596
ck_65491367584c730c,0.434759216671645
ck_e9047964952bee70,0.7383860834375557
ck_5567779d6ba184eb,0.4692007359583725
ck_d6ea026357ec6477,0.6208533208348812
ck_cd7dcc884e283746,0.4959285263435021
ck_0bd77fea8ed75a15,0.7764343334341082
ck_e80883208e8d0453,0.3345110105318834
ck_2ad0ecbacd5acf8e,0.9737053741239755
ck_6c1dbee7e8fdd5c8,0.42758804680463103
ck_ee4d9a7449515908,0.10495984019618504
ck_636111f7f030496c,0.06695795359301991
ck_2c629c657f73941f,0.24705040853174257
ck_c1c9d3842d758420,0.6372564667046909
ck_e4df7faacdfe8c40,0.5928268300043416
ck_94e8142728e44380,0.8540332413486875
ck_765aaf42c5088545,0.3282850399948946
ck_e0f845159b6e6a4a,0.7208449147527537
ck_5bc07deb82edbad7,0.2228416355325403
ck_713159c5c6a7a4d0,0.9977548751246319
ck_b08afc91d9ca55db,0.6504152939223043
ck_a7bc323ffed2ea97,0.8705458720099454
ck_85ca825f905a34a1,0.749040768491031
ck_33160c443d4b3f19,0.4321413276874582
ck_832d39c590a3ca75,0.9250356488083111
ck_7d1661a34164406e,0.910265190019774
ck_c2466fc40fc9d5ed,0.9909323414503458
ck_ed0e776c0926ce67,0.883339043888159
ck_cdd2ebeec75bfa69,0.832554472856925
ck_d7877684c7923ec3,0.28566666084487197
ck_7384d4d2406aabf4,0.4917618660444536
ck_b8e5244e650aa81b,0.7232039573241993
ck_25a1ea40b2d59254,0.13595539666947468
ck_b9e5b318ee4de68d,0.18301041800847256
ck_620d7ae27af83cea,0.24367414394587747
ck_40b4e264d1a12b83,0.9515460009854607
ck_b694c803b62862b3,0.1089391544828898
ck_cbeca201dbade3e5,0.3849776501159923
ck_f9b439c9161c3e52,0.3438192261146893
ck_9880410fcd10a28e,0.0904517773771433
ck_74928f5f91aa12b2,0.8895013707430902
ck_b6673bbe61d2680d,0.6337419404976439
ck_53c8315b5c30acb4,0.3183706571725219
ck_78f01d78ea79642f,0.5729139873730669
ck_8582490d6e365a63,0.5684707135656845
ck_af25c72d16299258,0.24435728905846482
ck_7905fe8e257b0449,0.9159322400584584
ck_0d16d9349e4a9e08,0.5062475128542596
ck_31b16b8848584e98,0.5184569335021422
ck_67207e3eecc02d76,0.6787193622191121
ck_e6b95ff91116a592,0.34228663573160906
ck_c08f622bcd6de6e7,0.6365125246508645
ck_f9a68da9e0f0bc85,0.5656820205648135
ck_4072b59388976896,0.4159515836619518
ck_8ec86e853ad52828,0.884272134127154
ck_4fecb87eaffd5cb5,0.26212870785821324
ck_d6880578428b965e,0.8593255993626845
ck_bfc82b3c1c9f2897,0.9604523693547307
ck_c340644176ca03e7,0.7084041091559615
ck_321e740066fb05c3,0.9234704257637594
ck_8929d2eb09872052,0.8622747539849596
ck_205c107cec528414,0.9359269802743055
ck_e76db7d2562f9836,0.6275733430881838
ck_9ede51c8434cff6e,0.4780507402910327
ck_492e4b89c61b7b6c,0.7467531360540131
ck_9385f5a1eeebefcd,0.6122187365283627
ck_ee52c7bf88f952ab,0.5329882408893996
ck_d8116c34302021d7,0.07866845760193171
ck_01645ea51972e99a,0.655516927243232
ck_7b45ed23304a854b,0.725174486873072
ck_2096d32f3d497ea1,0.8811884479723905
ck_dfbb2056f1ef7d3b,0.37357920354062973
ck_938ce30c864bc7df,0.008995851874273497
ck_ff30dda2c881a4bd,0.9559958516223549
ck_f88c79186a082beb,0.5422983843880743
ck_08c7bb0f9851cb76,0.8671673732332285
ck_2675e7a008e584a7,0.6388700713244686
ck_cbaf8a954281d4e3,0.9794472581107981
ck_8b24eadf6c72b30c,0.9512103927087127
ck_ffc8e3c1377d0706,0.14685388203787292
ck_5b59e859bed5b40e,0.5659503808138547
ck_7b61717f172f9317,0.9784614436579174
ck_e5c30947b732f661,0.8930776127163262
ck_bc273f3ce79f7e1a,0.14999384196327656
ck_f69e93388b3028cb,0.9402853292243579
ck_3837ad850996ba60,0.6076931331183807
ck_36d78ff3bc033ee5,0.5387097270488249
ck_5e20953547ba4135,0.8344505649986123
ck_258d661e450ac870,0.2634128490127274
ck_1df66f537496ca59,0.6365463824122689
ck_361f535599110201,0.15625959906414078
ck_337e98c69f6e7886,0.21316224200472667
ck_d3d5b2717cfc3913,0.6256825124101061
ck_b1dba768dbe7affe,0.5050142582637319
ck_92d782bd9ce0d1e3,0.7136807182562044
ck_26bd0f8898afc8ba,0.14338027722866442
ck_7916e53daab36745,0.8729636933407918
ck_2caf553b31831a50,0.544327476687334
ck_c6200734c7f9b2f9,0.9730681958638228
ck_cdc55623cb16e6a9,0.39691170166729445
ck_57849e15b61c43b4,0.1573847744950923
ck_b7af9b2ee0eebbc6,0.6378317486667159
ck_00aa5fc3b3bc66aa,0.6958253482129706
ck_9929723f65636c7f,0.983793894510773
ck_8f6cce9f69912983,0.5263801181503361
ck_c422ba389ff00781,0.22720090330754217
ck_9ec7f334604a228f,0.7533418700565984
ck_5d01200ba3341462,0.25510913380334427
ck_2bf10be403849c9a,0.6698662403477247
ck_6ca018259f70858f,0.6502549676998546
ck_a54dc042ebb7c766,0.8391956247984127
ck_79da63fc100830b5,0.4651526422690447
ck_67ab6f9e05c85085,0.4924434797821249
ck_fa80da579ea9afc0,0.3970072751948876
ck_4339f86c87289222,0.9596495582755339
ck_a2299b4f530be0d6,0.9389902686016719
ck_19db0bf788697c2b,0.7099663951937254
ck_fa4211c4d826d830,0.18028717086248394
ck_96100d5e8e051e91,0.11687536704706361
ck_5c3a671883d58b3f,0.024160697698959736
ck_2d9524787cfe1ab3,0.9004538054253071
ck_47ab8e51e5b3a2d8,0.17489655380019398
ck_c924f36bc1bbbaa3,0.10365802221204795
ck_5c58e7f8fd55e26c,0.28838192552947667
ck_a07e7409d6d5aa06,0.6054448907042855
ck_c8413898f5f7cb7d,0.7130700826349334
ck_577c816b41cab002,0.945119872529162
ck_9f7807ed64cdb728,0.8807920427544031
ck_495d814d6d6d521e,0.0015632048627134952
ck_7aa8bc018c2b003b,0.3281683110350731
ck_7c3a6a82f3c3241d,0.1741133474664889
ck_487f7fbc290e4ae2,0.2655333527328595
ck_e556c4d36aadbe03,0.19394315767922796
ck_7e6569a1b2455cb0,0.12260251121105128
ck_de2924955926d046,0.41600895678948063
ck_73d60b4630e3937a,0.024717077731428803
ck_805ee564bd35ef15,0.6294201348296958
ck_0d40961e47797027,0.21339423950360267
ck_f06d00a4f9c87d80,0.2374729138749459
ck_5ef50fb07b6737d5,0.47791510940165544
ck_16541fc15683e21c,0.3551286759919707
ck_09fd43f1b7e2eca2,0.11118822545596498
ck_2a2c336a69b8d68d,0.20379695956937516
ck_2685f38930866af0,0.5598505628070178
ck_298278a9da874437,0.3981522713803446
ck_00bd7803f2530c68,0.7133776168978837
ck_c2b4a1d8c0b6c1cd,0.10838005345264637
ck_2acb54ca20c3af6c,0.7837574956542201
ck_e3d4b6f681c783ab,0.9224953147700369
ck_f90293f1eba5d7b6,0.920043455145847
ck_e69d27e8965df0be,0.153475554976913
ck_b7f5d10b427346ad,0.20706676663654966
ck_1ce20e4223a936b1,0.5391608746625363
ck_6b97d1ab90f6bdeb,0.812658297964354
ck_e30e17db5473c7b2,0.08134411625460014
ck_154c8efb19dee665,0.1332014447778833
ck_6f5bb0c930644cae,0.9986862534567718
ck_9e17699baa83d173,0.09687466255167089
ck_9693b1eb70880205,0.4341193174137179
ck_1e97899875bb427b,0.043266476878347254
ck_558a82590f65df69,0.12969762202999435
ck_18df83242ff3cdbb,0.8780129538558017
ck_80ad4396e1084c68,0.8539884995961857
ck_0a993bc947bab61f,0.38895271203000664
ck_5c2d43ff841632f9,0.26822084967864945
ck_6e4b99fb9725d9fa,0.41109563343883126
ck_e0983999ca26c19e,0.2741925872394657
ck_6573c4947cc8607e,0.8275011759782382
ck_d879d645d6e44207,0.4586466344100118
ck_1375ad9f10688e4a,0.2600459725201181
ck_7501ebbf4e21f160,0.44413581511612127
ck_ca60d61cd4dc3bea,0.13113024145792646
ck_ab9ea095a5c58b4b,0.3979933056567819
ck_23756522b58df5d8,0.21097085043416353
ck_90bc176c43d85fd5,0.914075844214677
ck_908b663b2dda94ad,0.3533740887532366
ck_4df2fb8e4b649e27,0.23703895628393518
ck_5615c6bbdef05291,0.7254890847724563
ck_b62f3e3185251f71,0.006490258945278682
ck_38d1a22850178f33,0.057988860366642025
ck_5b3ba20c8bb1383b,0.4748771740903129
ck_5576ffc6aaf6f22c,0.0849119792254994
ck_cf7a022178165e56,0.49729368173471356
ck_f2c7a4c50e2ede96,0.46581526381119065
ck_285719c77eadf915,0.19568572609290136
ck_f2aa1b677619ab19,0.7684951838631464
ck_3830c58d841e9e69,0.9288222653530931
ck_32eba3510c8eac5e,0.8540151679781118
ck_8955d7b9030d5eb5,0.16792707322740597
ck_6775e387dace7525,0.5516708562029042
ck_0a0cd7f4be606a93,0.7818880718944587
ck_a9f700eee5d638df,0.2910326277070743
ck_3d7db96995745472,0.6630010733687448
ck_aeed557007d52e9c,0.013887858572575964
ck_79b6a86830156b5a,0.3770348607223065
ck_6a1ff9d69466181c,0.9914486286439563
ck_f11b1565f986f5e3,0.7692716328354005
ck_4819327a78615485,0.353896952776359
ck_3ed9e081959b2f5c,0.7779420930851616
ck_16af4be191c47d3d,0.06336302569924182
ck_25122cc0e8b1a662,0.8172920707998818
ck_509c22828d467ba3,0.7563528307110319
ck_31109c899336348d,0.1764022952694091
ck_c51131e53baa59c7,0.07700677768191158
ck_cf8ecabbc61d3e11,0.27843710875940997
ck_eb6baff0f85ba936,0.6033618490912073
ck_777669e2243204f2,0.9521177333907311
ck_ac0ea27e692acdc9,0.7182448831301289
ck_4c6ea04ce8ca9e2c,0.42578731218152327
ck_ca54b32fca7e94cd,0.5227350967744772
ck_4dfd8947f540eb24,0.5240879270656448
ck_95aff1fe27fb24bb,0.6670617984330997
ck_c7550723b90e5615,0.3322768953906568
ck_57b3fee69bdf85e8,0.25024963402346934
ck_f823407ace7ff064,0.4012999977581185
ck_a69084a068bcc8aa,0.764291061457044
ck_c7b17f7b24bef5d7,0.6808838146098405
ck_7c4e588f927c27c8,0.5691316232009753
ck_77fdac602d0c6f95,0.8323216822761433
ck_e963d8525018d072,0.43378643013474416
ck_6e8ebaea8f7bffaf,0.11609286352929449
ck_aa42976a31cb7770,0.22232525807296027
ck_22c862a496008c96,0.9979171743959353
ck_527550dd15f38782,0.6560158438822026
ck_b3ab3c210e2c7c19,0.7052379128666592
ck_ed9c56fdb9f45ddc,0.8992389304803383
ck_b53281da70defcfa,0.5223366733746515
ck_03009b721568ee98,0.8453540055556368
ck_3d9afd862b3f4053,0.8762787644444651
ck_ad3c4be96599554a,0.45082091572820526
ck_d1c787c27d50af49,0.24229473553875336
ck_c7a9c7b2eef46a99,0.5512148436665361
ck_53036d3c6c74446c,0.9193699141355292
ck_1b1efbd9c0964c8d,0.1581010390760736
ck_d66f42a269d5c1ed,0.8652621992732684
ck_fefc49a2b8ad993e,0.650195792399501
ck_8b3b874249adece9,0.7629442857113915
ck_193d9c87ad3f1dad,0.20600300069680372
ck_0c6a50d747593b7b,0.498903340256784
ck_c830f3830875b47a,0.7057577141399495
ck_79e202f06d8dfe42,0.6784757779132027
ck_5c0fe988b8aa7fcb,0.9051117061769256
ck_a8382d8345f21e1e,0.0924952129582853
ck_8cb20053914692d0,0.5999217602913455
ck_1da2f69023ca4c13,0.12978368172128757
ck_38abb60995114f8f,0.8076950971406374
ck_f5791fd8fd8fd191,0.5407153039819603
ck_a4e6fc391b674335,0.9451646142816638
ck_bd771efb4a7e15d0,0.3257740953363207
ck_38ba4a6b6a292054,0.6202171516656476
ck_f7a07283345a0dce,0.07326823643737228
ck_87dc484baaf5a23a,0.14901377578092773
ck_c84ef83489badbfd,0.6677277535229863
ck_a397cd64ec5d644b,0.3192049660792271
ck_7977135c2ff61e92,0.24120136421029337
ck_52174855b243a8b0,0.774934340235425
ck_0f35e930d0614613,0.9878396637432793
ck_b170a7db522a0d6f,0.7684470182969343
ck_7af748a23775bd54,0.9384292396555598
ck_52f641c9ee6fda70,0.14672614334390993
ck_c3719a30414bbb4d,0.5083609529379576
ck_2baf214ad6bc0dbf,0.6004677431396395
ck_8b39d8aacfdd72b4,0.3482552557536982
ck_d39b0152116203be,0.3018496475089273
ck_ed33f8a937f9c7c8,0.38263769000604153
ck_8ef97b55a5fd6ec9,0.06955706639069502
ck_8247f008a14bd1a2,0.09874268067956017
ck_f0d349d68249d5db,0.0785175646057226
ck_a544e766540861fc,0.43841858132938627
ck_9dfaca4c7c80b10d,0.7395867053666118
ck_7e5401c362b2216a,0.017246662337831738
ck_64ff60c073fdb6db,0.6941405494677788
ck_fc5ea49518e5d637,0.26153473997564625
ck_580f136ced341298,0.2674334812382236
ck_9cbef9bc95449dca,0.26181459676575114
ck_e475a3b8ba870a7e,0.37557881619421957
ck_97e94708bcf43563,0.4729498903961004
ck_13f03ec785cbdae1,0.06412846493735438
ck_152820d8817f478c,0.6849379628446834
ck_d20d4ba60eec9945,0.46158578838906456
ck_5c45968a805132e0,0.5691740404966555
ck_bebea2cf3063fb24,0.5714184625560875
ck_c3c69aefe7ea1d2f,0.35139337802920256
ck_02028b72f26fe855,0.6128642937908522
ck_dfadff70a58a9133,0.17655872052713648
ck_6482ed4491bedcaf,0.2769136001946023
ck_754cd7b4a5ae3f94,0.389903965905547
ck_3132857aec8485bc,0.00896312894683235
ck_7ce4ca91b8f9f1c1,0.6930773606009247
ck_41938582f4351772,0.5555935001780161
ck_f87d66946252476c,0.7812919955640839
ck_8053f1879a9b4e43,0.35071843138701275
ck_93892e91387f5103,0.828432248035395
ck_15254db133b28371,0.3651871041831318
ck_d557b9feb241b3ec,0.2345585003619504
ck_71c3a8e4c12c989f,0.2177569310923149
ck_80e3041811033443,0.6631751754560952
ck_3380d60067b4634b,0.07162383680602233
ck_a9c2cdc758df8510,0.7470598417579832
ck_3c0031d7514da17b,0.5614050823924115
ck_18d214b1418be39d,0.11131942344071277
ck_7ce768407fd48321,0.7689780453133797
ck_7a50abd42298133b,0.29835297866344224
ck_2db10f987d137582,0.6608164391596326
ck_e077d004cd1d80ae,0.4032613197456744
ck_1cb6dc67f9a321b5,0.5241780231206147
ck_b864f64101149c35,0.9435469732982095
ck_9bedf54df9418e4a,0.32053810135893335
ck_c47e32c47f0e6578,0.8732001237442975
ck_71f382d5e338daa3,0.2035838640000549
ck_14b4bf7be6ac2b61,0.9215649455288162
ck_5c87eea1cc07cc92,0.7897548022400737
ck_5f445182829ef342,0.8679681661305868
ck_a5d7311291caaa54,0.16697104469517843
ck_b7df99aecef385e6,0.6181330106956805
ck_3327a0582407068b,0.5524746763730203
ck_08dba09fd7dab896,0.6804854814759844
ck_f4ec334be5266378,0.21946839821943276
ck_240f7f894c5a86e7,0.19469798372415184
ck_a9d994554fc14a02,0.0017168188566969629
ck_13648cbd306eee6d,0.15567260455203852
ck_601edf9105b3c321,0.9953190706891795
ck_9527adac182abe57,0.8971688265172701
ck_4e0e80f5cc271bf7,0.21318921666163593
ck_96a89e720176b389,0.8045592993219545
ck_63560eec94b76d2f,0.4110548377840366
ck_c9c99e5b19aeced8,0.2777365028262133
ck_bc32655ee5ed643e,0.6486049100639423
ck_edccb5a93b741744,0.7346317932792622
ck_f786cbc987b70930,0.05329529968079438
ck_0e8f26536ccc8947,0.6344192115966552
ck_b87ef4b98cfcec4c,0.8036800326537338
ck_1a9235812de4b2c1,0.6357587076968598
ck_d1ed88ea4211ba4d,0.026115352591034178
ck_a4ddac49657a4450,0.45691648136235186
ck_d9ffca35188e49d8,0.6850077513382257
ck_3db73bbe03c3d240,0.2204048220061685
ck_fffa0622344a36ab,0.04236045156223104
ck_148c28df51bba5e9,0.9703578863678444
ck_076cbc25c8f15fc3,0.9799996017795906
ck_e5ca550b39ed45bf,0.9703502101814437
ck_8dacf3a2061ca17d,0.6025503527346905
ck_2d7394afd61643d0,0.3453299227725308
ck_e42206e91f6a1752,0.026450258051846337
ck_2f4f94827984c426,0.03491043399603128
ck_edfe8e90e8f4366e,0.060264689987612835
ck_646b15f753e5e9c6,0.638530030143091
ck_66600620149c8799,0.08390081175659504
ck_4ff6fc70bccfba96,0.9432136894782828
ck_41af3729590c2484,0.2179612511183457
ck_920a48ba8c583e96,0.25715995703444106
ck_0253b3e7be021306,0.19029177548287066
ck_2ae6949246ea2648,0.17821495845160795
ck_db23a5100f338d72,0.2995709711471381
ck_fcb2a559474c3493,0.5159762970482182
ck_0a4d7acd2a53cbbd,0.2919907646871097
ck_c5d62b2b7a6f3bac,0.9869780739046816
ck_cf59f4fc0ea690b2,0.3493817465505521
ck_837be8126bb19250,0.25706014887269474
ck_58955542edee1adc,0.2746945311511939
ck_1b93381d8eea58d1,0.13612234485442115
ck_97b8e05d62abdc14,0.8631770492123821
ck_71a0d645744302a3,0.465444914425163
ck_a7b57882ab66b111,0.05621558720736586
ck_65f76421be648549,0.27812211431907274
ck_b53ea8713d32ca7c,0.3867471931865749
ck_991c4c924a1d85ff,0.950257301183273
ck_8432ccec1a4ec7fd,0.9942090316220156
ck_64c1633297f43788,0.2863178761119237
ck_4291fd9c1161d8e1,0.6814626106515452
ck_5e98ed6391d9f429,0.6915381933883326
ck_c7baebe4549fdbb4,0.6768448930047549
ck_6e67225ba59fa5ae,0.6071915857476053
ck_719602def4d35fe0,0.35228588862241667
ck_bdee7c86f5ebe81f,0.6908532461029204
ck_8de38f8c7f91961f,0.36044033247647617
ck_b0b5bf9254700402,0.37242390043696727
ck_7b55d9bb1a250d4f,0.42031295988476164
ck_3954b7b0fd1d6614,0.43831989026306595
ck_f29471fe7c818d6a,0.24296797027408804
ck_9e65a8a2f587691a,0.34604487198760964
ck_eaec5f1a83b66eb0,0.9360378706976258
ck_004fe0daecbe2c1a,0.48019448857938063
ck_d17653a4a2d4a79e,0.7257953939354738
ck_0dd417fcbf19e424,0.4597707104840746
ck_4c99a6eadea143e2,0.8575994826787012
ck_74d602c907ee9119,0.08322253156666447
ck_1aa87cb62acc0ac6,0.2664754345241576
ck_094974d75e29fb2f,0.7628704608541725
ck_5ef935ac3d4d3332,0.43204478054602036
ck_b26e4ae47c9107ed,0.8996777529940057
ck_396cea6f95186ad2,0.7930017967570597
ck_48446a9e8184c7d4,0.11729339519238101
ck_31e1ede23247d56b,0.7001383428605547
ck_7afefa349b960a3e,0.4274540375561393
ck_f5e02a3432571b20,0.8100190923278202
ck_64eefec062592c43,0.305571701546702
ck_a1201284122c141f,0.3908799054582495
ck_1b34c420a4c85a95,0.7092582388171721
ck_d637a011332ba67a,0.5118107361060584
ck_99c0004d8b7079f8,0.2458205777549252
ck_948517bad569b40f,0.8778463119458384
ck_a28d6b1601b472a6,0.2867092358753151
ck_a0b4209feb31f5c0,0.999251625041544
ck_d6d2c1f6dfc455b6,0.733836532643422
ck_3f9e6d356d3dd3cf,0.049184300602419496
ck_d08e00c842b75176,0.2512126359261616
ck_bfdd232a7c5f2660,0.6504152939223043
ck_2cdad03ed069438c,0.747113575062788
ck_42317c3eabd0a285,0.860297070533683
ck_3eb73e56751c704d,0.8191100857116596
ck_ef33c04f4c9e3758,0.7547855894846416
ck_1dc23dc870f1773d,0.4346819680007158
ck_76091f357974a152,0.5489655921615216
ck_4d9eb75e8eee90fd,0.8503805437864278
ck_578f67e69e5d2cfd,0.13232875493917462
ck_3a8ce1cc724229b8,0.28214950390602
ck_a96887f841e80fc1,0.7611846530180615
ck_d2d4a8f4a9f2c33f,0.20271793152279732
ck_11f85bc705dbe036,0.6829296649137736
ck_7429b3f87528e335,0.3852355777037839
ck_26df74feac7ec51d,0.6923602126720684
ck_c78b2638fadd91ab,0.49593852698672436
ck_7eaad325abe3b50c,0.13528922557057432
ck_fd44e34af620e606,0.6027628357540443
ck_f99738dff854e25f,0.08970542060052566
ck_1ffbce3a239bb264,0.38125999350577267
ck_96c7d52ba0a766ef,0.9118153669665077
ck_cb1c00c300af3f9e,0.6085617865934125
ck_ec3d12848ced99f2,0.3991947561448181
ck_26cfd7c3c6c7bf69,0.5012640044691152
ck_7ae86b5a885affc3,0.845436425424206
ck_3edaa94d28cd48ea,0.43425302038722646
ck_3209c530c9812e39,0.44118029967334793
ck_ea62ebfc1f04b49a,0.2456591070426019
ck_5fc90b4668ea81bf,0.6111682693025052
ck_95654593cdebd141,0.30118277359409096
ck_958c0bd61820147f,0.8773300247522281
ck_8440ef1386c07194,0.11220505092943167
ck_8cd1b68dd74b1375,0.873831247458935
ck_c9eb4df91ff07f2c,0.8257158839939015
ck_c29489366c01fe65,0.9718566544665947
ck_c965fd6bec0f0ecd,0.8172560143246997
ck_84c402b23766e1f2,0.35710780055219365
ck_181f3dae03b87136,0.7237012523222843
ck_022a8ae79eb28cf6,0.9913484416797945
ck_469c17407d17b706,0.6774325903327931
ck_1fcc5843f39148a9,0.2160063802172576
ck_5debd55f361b2ddf,0.24263398363822547
ck_28cb9b03e89263f1,0.1205254338775185
ck_f067470743d3c7a2,0.821241995706886
ck_d5d225ce41a1a762,0.6726043175825179
ck_15b4840922195ffd,0.6164370216844082
ck_6bcfa37c717f19f1,0.8621367986387607
ck_8d501a0386c66be8,0.6966017971852246
ck_1a9d6190c57ea7e2,0.9221914203298107
ck_c49832eabdac5bb7,0.2840430555818721
ck_b4331140b2e0d4aa,0.09046287737725432
ck_5efbea1befdefe1b,0.9009861478076548
ck_72ff52c4824072ce,0.66829979220324
ck_ec3715add8bbb6e9,0.18069467608058226
ck_9822f8ed05335741,0.8467752187084747
ck_c3d7d3d12a1981a3,0.4965650920536885
ck_a115a7919ac5875a,0.7065467042212609
ck_4dd4ed23e0b927b7,0.8734672588934057
ck_4c76efcc1ee6762d,0.7248012004802563
ck_3ad6e7bf452c9b21,0.6701925507971865
ck_dcbab304b55a42c7,0.31734251568993055
ck_24b53090faf722cf,0.24645332311044846
ck_187317383400491d,0.29519112501279976
ck_e07fd57565c94c28,0.8523117735783474
ck_740e760fdcd27835,0.009259347200657833
ck_d3796aebda1cfed5,0.9804888240503221
ck_e541967c681cb929,0.5648211335421519
ck_431118050b834dcb,0.024457925043704403
ck_90f3655f0c8a0074,0.1761638466840652
ck_13cd943777651aac,0.49687898713713685
ck_66accecabf3901c0,0.8892058553052008
ck_937f0da2306b2eb9,0.4551568486690219
ck_105b0c93573fd5b7,0.657859608350957
ck_00480407160e0743,0.058410312325669775
ck_e032068be7b77d15,0.8375479818852916
ck_991b7dfd69098320,0.3465295356106677
ck_37d47cf0f34574a2,0.05408266812122027
ck_011551a596544f5d,0.31178433789272775
ck_9acd98f4fe2d474e,0.8460048242817358
ck_7c88d3d377bb61bb,0.7676849126065625
ck_e2374c7136c964fd,0.7158267555242992
ck_2fa8f2577116e9ca,0.8962457369214974
ck_d07c5b0321c685ea,0.9318090980914356
ck_bc736114a31088a7,0.5389702853684213
ck_32bb42f9bff197f8,0.4725859018305711
ck_66267bbad1f1415f,0.9820987888473758
ck_19988702ccd79201,0.39209679858505664
ck_f473a03fbcdbc4b0,0.20945822586045326
ck_e3f1d85fa5d49396,0.6681926318686134
ck_c4402ea6291df271,0.8060514003252234
ck_243bd5ca8c4ae5d0,0.31561630873997776
ck_f271e855925e8d6b,0.9641812162310308
ck_e424148c6f2223df,0.4289203890024318
ck_e4d0a9e1102a58b5,0.3024387504688375
ck_91c2a5fe69b9b1d1,0.45576876417912054
ck_5fd8924732fe403e,0.8886538179113915
ck_9a881d5433126ada,0.35322744812971785
ck_73cab88b29c7845d,0.48982234751616693
ck_5b5dea6476d4e182,0.26763455798248315
ck_ccccb17d2ca6ce94,0.9095014626885165
ck_cd1dc68e441222b1,0.9802827921174362
ck_8312c49b1431a406,0.14129249643597339
ck_25fea39897f2a559,0.7054599999882823
ck_f56200205280bddf,0.7288312207990083
ck_7336611650dcc088,0.03530815457992096
ck_590716322ff147ae,0.754114769472098
ck_c82364d87875a1a1,0.47153271360693927
ck_fa4b60387d744fc5,0.02110710373983253
ck_d841eba8906e9a15,0.4770180756378423
ck_d6df562a79b9d0d9,0.6015124266178905
ck_59a14d2564193101,0.3003450053966009
ck_8530158e3d7f59e7,0.2806285358070476
ck_ac68d707006c12a8,0.7549201210171301
ck_976fac1bb3dd8c58,0.642729900176503
ck_f854fba8f4adae3d,0.7299345927706906
ck_b98e9c3ec6e7d1e7,0.31093546969512675
ck_803c0b4cf9d4bc1d,0.8428778020063423
ck_76997a33c3ea5107,0.040844709449793674
ck_f1a9d832b700bda1,0.9834572771431056
ck_2bd96ddb8c323d63,0.9903886830588734
ck_9e5b7acf51b1b743,0.4481335993143545
ck_09169f22194fd6aa,0.717187171735898
ck_6d69e092f9b0848b,0.7772949141817866
ck_9f83fa5a2d3b9049,0.4419821016616256
ck_57bbb19eecb4b87c,0.044433582798056655
ck_e0e9cfabb979f428,0.13702968553643977
ck_b1ff9edc51d42f97,0.4226849401062175
ck_4682fad271d47eb0,0.9739384709797403
ck_ab33fb754c818ae3,0.726117271480306
ck_b456f62b80e21557,0.008095881103672386
ck_16340be3f2a7fffd,0.05057590836654336
ck_ce66831f6611014c,0.3426239559152123
ck_4610a073bb54d1b1,0.7437112546449632
ck_fd038a7d33a9d6e5,0.2266419828092379
ck_c8198cb4c461304f,0.6675657605266662
ck_1e7de58822000dea,0.32952627704680615
ck_b2a79dd3df560f14,0.8379242955508648
ck_74a06f347b32347f,0.34260233298788223
ck_c6fdb2972417c9bd,0.6077652460687445
ck_d7607a213b800bfb,0.8003456630795521
ck_df65967b8b40319c,0.07708757590959527
ck_329a73dbd585ee09,0.10155690722839389
ck_74991a9e85c3b07d,0.7114105466397959
ck_bb76609b79e0bc9f,0.30337960716020285
ck_f7fc1bd0b9ab1fa4,0.8097883199288771
ck_d111c98b36bdb791,0.09586138663495859
ck_f07e27d125497b66,0.8335495851370919
ck_093e3a7134e11d6b,0.17540819208016128
ck_862c7953bdea48b0,0.31494579500241743
ck_392cf2cdd515c34d,0.352154996912652
ck_80eb91b0b4001084,0.8020504631111885
ck_5923f53b77193a58,0.602293127962835
ck_8049f5fce32be185,0.9663936181789579
ck_ebc5a2c6cf88e252,0.7233342364839975
ck_9ea5872f14cce338,0.5030693880058661
ck_f7fbc95ebf584379,0.42333729020723254
ck_bafe82c870356706,0.9720650108563023
ck_278b36c5932d9bff,0.5000938712766483
ck_6a892dd5d05c1649,0.32362542733642086
ck_0734fd90b2cabd43,0.7014750276970154
ck_9b552204498b6762,0.5019094714656351
ck_f6c909c205767956,0.5181836535415492
ck_32f590e87bc3d715,0.022714437805081394
ck_66a8325f28be7562,0.45239158076830577
ck_b129261da9c3c3c9,0.23017532067987131
ck_a524071c51ddde20,0.4153895456249204
ck_ba576d6d4cb6130b,0.9053057192847508
ck_8d8226520722af78,0.706194428205809
ck_c5b0f0d4f1655a20,0.22777728462645577
ck_61814ae9b6d8eab1,0.2815521122097427
ck_382ebf136f7fa337,0.9157415604983739
ck_423ff4ede6a9f066,0.2873188269285922
ck_546ad962d04b7de4,0.9483758585984512
ck_9473ea4a01c95f9a,0.6479187376785974
ck_9eb1da8cd35a50ce,0.14453576086426598
ck_de5eaa2cdbcb67ff,0.8171120946989553
ck_537cc97d0398c922,0.8399232956544883
ck_998475a2e4dfad4e,0.31162002043958603
ck_e62eb708d2688fae,0.5391923724900446
ck_ea623358f704daa7,0.8887179484003715
ck_b911a09f328dfd4b,0.11387813712454603
ck_4b3506b624e5193c,0.6069958607329248
ck_448456f96788713b,0.620541443933271
ck_5d5ef9e75f65d076,0.500786494748461
ck_3b74512f774a6e5a,0.43219980017187576
ck_a032e8ac1507c6df,0.9407822276814902
ck_7e2d6b22a0ae20c2,0.7865336475460335
ck_d80283209c963f11,0.4866885678793224
ck_d1157eade2ac3975,0.809268699187526
ck_be48f583f79427f7,0.5264488975529591
ck_0027b5d4107d65d8,0.8905623254190923
ck_94fff69584dd3b2a,0.7430390290005479
ck_75fcda73f0b43557,0.5015972882890418
ck_a1c78972e4ee4082,0.34034782001925834
ck_f0982bbdbd122f91,0.09778261578365591
ck_3199b471575aeb3a,0.36044901775379606
ck_7fa947a0b1c1cf74,0.8418548317213911
ck_a60c618b7f0e4252,0.7399513967480771
ck_722ac47c8ac9b6c3,0.7697921724017012
ck_d44dc3839a195c8a,0.72336928386826
ck_a2c3e82fab520483,0.6140147319718577
ck_6f8ae0319c07cafe,0.3397753847980519
ck_49886ff1e2c759d6,0.5764933823621043
ck_150a1108f936e6b0,0.44696661913768915
ck_e21f9f96f597695b,0.43830405108334225
ck_7297bff2b7fdcbc8,0.08469151374476168
ck_ee949c71f4f702eb,0.9828134317874715
ck_6fc37dea4b4f35c6,0.8623090985532862
ck_e76257caa98dc25d,0.9664623975815808
ck_828eef2334e17b3a,0.43358302893366296
ck_604e1b8a8c693aa7,0.2876174599052088
ck_7743c9fe037d1f9e,0.6221189920778668
ck_864a11202e19e812,0.8697844691355097
ck_4ec040b9e3785e4a,0.30004141723135797
ck_7346e4f820d9c00a,0.984822126259334
ck_48d4d63beb26b623,0.2286430913606693
ck_c423aa6de3ed1e01,0.4992256143425691
ck_d74b2ead8aaa3f73,0.530003516598865
ck_1dd69a11daa7bf1a,0.7240625198900393
ck_d9143e236eef177f,0.42434750337411276
ck_f790d91e5ff0eccd,0.8902083374967852
ck_69b5620e00ef5dec,0.15312973004792899
ck_cd32e58e8a1c0e85,0.6598977824684894
ck_064013b0957d87a5,0.9924835274879988
ck_a481385c2e60dc4a,0.22275407994340551
ck_d72035cb29db3aa4,0.7795598243345856
ck_3759939a0205306d,0.4841918762366611
ck_f437a53fc832ec95,0.9734221837861298
ck_260ef2f3e6434819,0.8464439530703866
ck_35e411b05d22f663,0.6629650168935629
ck_8bf46e472f3e20de,0.8140571853739257
ck_d546994fc5d3e9d1,0.2880209642367049
ck_6ff0fc7487e737e7,0.8388600165216645
ck_5c67f27816ae0b6f,0.2530187222788485
ck_c5517923458106ae,0.33367477370930937
ck_d9735647a6b0b0a7,0.9190673350612053
ck_541a734fc457246f,0.8545244818012574
ck_2f6a639468f41043,0.28612579091996726
ck_bea2cf7a6b7bb900,0.26512624405571394
ck_7eebd0e6ad6c070e,0.6301610496107648
ck_b64c87d5e3b10e6a,0.976278431089691
ck_9dd7daacb7833233,0.6229300918934306
ck_396e9ea9a6c6d7d9,0.486850470609673
ck_1645e6cc53fa99ff,0.6067028857608705
ck_ea2a83ccb8d57490,0.24887215353221404
ck_e64f0df63e1be595,0.7935157594938487
ck_fa0b234481cb57d3,0.5732601185770341
ck_63379e3c9fe6f711,0.3195540890788774
ck_c67f7944896a0310,0.466225003220141
ck_c10e54c9db29e6ef,0.9811924572562764
ck_7184ad7709ae4c80,0.58760890939753
ck_f8b6069d7577fde6,0.14177908797490021
ck_18444be153bac1ca,0.9856653364523726
ck_d0982b4e0e118e4d,0.6533486544978404
ck_6faf3e6820398866,0.5306080621975462
ck_97e980463aca4644,0.21476251243354125
ck_630c835243c66b19,0.9845846867649092
ck_fe429ba3e1aa0e4f,0.45612458975132686
ck_1058129ed7b48c59,0.6819353811925868
ck_04a1a46f07885296,0.3123072019158501
ck_f01e94331067edf6,0.21177304896339394
ck_77b2fb17c29f5e72,0.8016439669840094
ck_4f0c5857da45fb28,0.8726223367935118
ck_2cfb9a7775e8a5bc,0.9917895886502837
ck_6846100e43659bf3,0.23474988273797093
ck_f89719a854fe11d7,0.5193973033865851
ck_bf47375e41ca3bc0,0.07004234256371947
ck_2770b0400a7bef08,0.7165898703055902
ck_2a09d142de1c77ff,0.25641358251928614
ck_857a1f5547b9ad68,0.6917772545236428
ck_185f15b1523bbcf4,0.12123775236079261
ck_ab2aed614ec1cdf8,0.26179187448153224
ck_a9e7f3b2d5dfd97b,0.6206733447339549
ck_0eeb3d9b3e697edb,0.5735320831717247
ck_fa5830d81bc8ddc1,0.05550932326960685
ck_231ae0329ebc3220,0.4194076373845814
ck_1587763dd54688c9,0.095298339507008
ck_9f85fea4490c00cf,0.421599641505111
ck_a2d709e7eb91e4af,0.5199276275870944
ck_43637d28c7216453,0.1105674086595328
ck_f3ab5dd853d38252,0.4312894322170997
ck_4a1f0172d3bf4fd3,0.3046859837920135
ck_517620ca16505af0,0.2022421337089983
ck_9ae904fbef56065c,0.29194149976400885
ck_d5ef1f6e34bb35b8,0.7407959223070182
ck_ff42557857ae3aeb,0.0922364568115137
ck_ad9a18f58589faa7,0.11503524240103316
ck_df1a6edaa3e6b271,0.2844283607997484
ck_99021fe7225b5a68,0.636613630439976
ck_99e52c3c2530b69e,0.9845726679398487
ck_3a4811dc4a1a891d,0.185685373845205
ck_ba3a6be026c87079,0.5789689733614324
ck_da6d1e5cf6aba6fd,0.16276157055949692
ck_ddc7c1f3d45fe6e6,0.4448586565266145
ck_e1b1e7a7e4a15b3e,0.5539320362670096
ck_8288f7f226e08b89,0.22598664091253987
ck_c4524993ec31dbe5,0.20396197983845282
ck_8b19bb5b23b6741c,0.5450050540613286
ck_d21b38231a8a9f4a,0.7531281619373118
ck_3f730318a9792292,0.7317489678597446
ck_a4db6e94a8f77f9d,0.8113277934164524
ck_a8cac8d480306839,0.12797970381640864
ck_5472214011fbc2a7,0.13224049653410389
ck_7356f47dbbbe7904,0.09373684655114967
ck_16801e628e883d78,0.29806110304827665
ck_0dc1e536231c4860,0.30710998541141904
ck_7cd0634a6e60af83,0.3417653933493723
ck_ef6f8e048ae1bd4b,0.3452723691130628
ck_82f3f744209888ac,0.5628533604681282
ck_f33188c232a03526,0.8425341210022408
ck_4a59f4e10bf45d7f,0.03806522401023948
ck_d96c893721385e4e,0.08702318511834528
ck_f65ab819373edb37,0.39965437302683565
ck_21cac21fc10b7768,0.23688209900818052
ck_139b54e6ccbdd7da,0.8766056874438933
ck_d6f5c8741697abb3,0.6662339406128623
ck_a28d9bb5590d458f,0.8726360675254277
ck_ed26d906883bea0a,0.11252600964931439
ck_227602ad072b838b,0.006975138577350353
ck_39d5f6c17c745ab1,0.05477792232483783
ck_744eade757ba69b5,0.2948862214816544
ck_c1295d97cdf35ec2,0.426902396703283
ck_69105f881da3c821,0.6060895291418253
ck_933789b55361d7c1,0.9722967923461647
ck_b667952253503174,0.39617275027916876
ck_7bf668e25abeeb05,0.11801207449615342
ck_91742711dfdffd56,0.7567428751085208
ck_af32a0660090dd68,0.7357944308172676
ck_2122f201e65f76ee,0.568544628688873
ck_f48acb73a5d6af07,0.6584624420427829
ck_337c5684510cf432,0.7846224190405584
ck_f7bde7265053364d,0.6387930031854785
ck_c190c7b924edba75,0.809459288481641
ck_044fa3b3a003f0b5,0.7558725999926033
ck_87eb43e3b9d96169,0.9171465024534609
ck_2d3d6c9364362017,0.028699725565874308
ck_ac55dc6cbcdf8228,0.24571766979298904
ck_61d7b0568ec5d6cf,0.4536843169341703
ck_89c74feeaffa7d09,0.08262605869533676
ck_93776b0c113f41f0,0.7392778557377593
ck_15e0b679931f7a8d,0.5352145895782559
ck_77b56c49cfdb1d81,0.575570076757318
ck_73188a826b5f499f,0.5698205165840946
ck_4f463ef25325ddfa,0.903296718537905
ck_863db2e394dc47d1,0.977549760337239
ck_d52432ed597f3cc9,0.28304996148354344
ck_04fb61e5739642f8,0.918253514247867
ck_2e481d75d110c06d,0.809467054934011
ck_3fa1a523d77cd619,0.4522656442471676
ck_466dc6274fecd708,0.43968012594272554
ck_e1790b3aa2241b10,0.9367765512878427
ck_84ad096a46e1a960,0.8178597668414754
ck_3be72c9c178fa00d,0.6374621923625937
ck_5a17c89219d1d9fe,0.36633855145505667
ck_4f639f4ee6ce8d9e,0.9208950443412224
ck_f4ec4a935e51b4db,0.6113892570672398
ck_f04040a830f92bac,0.3575035932202145
ck_3e4d02a04be2aaf8,0.14184786737752328
ck_4d1baef193cfb900,0.7293458863517333
ck_0fb3153d37626b75,0.3674321387925303
ck_88ec57a11b11f702,0.9729897220929606
ck_dca9dc465f759db4,0.25757744515722436
ck_64f5fba6af67e024,0.23002350885871253
ck_896096cb167254ef,0.8649693145671837
ck_7878679065876b98,0.7899992151049631
ck_fe8e5a6c880ceb4e,0.057748087324476574
ck_a5e036327d3d1862,0.005379210787195712
ck_310f73940fc4cf4f,0.6852458033826168
ck_46a8db16ad00b749,0.8117154230911503
ck_0d33977c3de8cfaf,0.9971687994374794
ck_c6fff412f531db0f,0.071977212178363
ck_bac6dadf428eaea9,0.4929347202346949
ck_1b96d9af0d7da2d5,0.09139254380253903
ck_fa8a4a9e77799fcc,0.03755832490988491
ck_0bf48607a874b4d1,0.29759056669808726
ck_eeb75f8a6439f65e,0.7604517206983765
ck_a209a5f7d172125e,0.35478591381281865
ck_8f346b72fb40bf14,0.19600971208554163
ck_bccbf9fef367f00f,0.66400254646941
ck_2d1548f1ee405cc9,0.36657388250167344
ck_e8298ff2dc1e9d50,0.20890811638251294
ck_77c0fb524edb4a94,0.605551222479932
ck_28ac4c5134cb8e77,0.693651723738
ck_db23a0e3e54be60c,0.9647128557974428
ck_a059d00cee5cee99,0.4942603953370141
ck_3e9e3bba8bd363af,0.3665756846744982
ck_0428728df24cdab4,0.11531075655247813
ck_88cd35378075c84f,0.021833765504988844
ck_0174d76398d9dc0f,0.3937125116526421
ck_3f1287e6c27de0dc,0.43259207876021677
ck_ff822700f3605e06,0.9933821828926974
ck_4563227b2038ae07,0.9642934220202533
ck_788e78065526ee19,0.5672763267140826
ck_8a16eb584093b12f,0.1964485345992091
ck_cc276f71ab6c08fd,0.8279392956759698
ck_d61d97b21002f3e9,0.3344742512407655
ck_4b2e87d86a5e415c,0.63328947751803
ck_3e6f35e4500d2f2a,0.08057170364602285
ck_3acdb083e0d8ad61,0.09686496818343183
ck_cd655202db489010,0.7363106277449085
ck_829cbf5ccda481ae,0.442455575018603
ck_f5882e6f98b8b4cd,0.0631750671369316
ck_767947540b234add,0.9021038630612193
ck_a6e8e8f535b1f1d1,0.5976543999386809
ck_58412a2674fea506,0.2830908828813822
ck_fae7e518a585fa61,0.8114453509352539
ck_9c60ae6958d68dbd,0.9676148539444249
ck_328696b8f5e54ec6,0.8305601216669447
ck_7df3f8f4f1068d62,0.23606604400399023
ck_cfadd21458230ef7,0.48758398000225
ck_7048bedd554c703b,0.13170916324267526
ck_50422466f145bfd7,0.12723729313749815
ck_61e1f7168cd9ff25,0.674218012468265
ck_733aff0f56f5b3c9,0.6561033092053677
ck_e14892e424180549,0.34142140607028737
ck_03f6664a96de7d0f,0.4739330741171764
ck_b7f4baa2cc82fe61,0.09827780233393305
ck_1e51199a075ca0fa,0.34364148420461504
ck_0e70516fa07cfb17,0.9632651902716924
ck_0f37c554a5057801,0.9399269986633909
ck_5576b725de38d106,0.3844654895520282
ck_82f360df1e9f4eb8,0.9225313712452189
ck_395f3bd4aacd7ca6,0.5144922687723028
ck_5e8e857b63966609,0.9395249354408413
ck_93470896f0804b6b,0.9848428303617145
ck_3be854e42e76569a,0.11348555226122184
ck_0567302c57a2417e,0.8934870458502934
ck_ee535461b5f05539,0.8965817417391984
ck_94a096c36162a153,0.4706781874047759
ck_dfc8f5c141fd7c63,0.26584987854811276
ck_98b34f2d704c1c2a,0.5065436408421156
ck_96dff7a09d45f116,0.6026254929578119
ck_79557434c129ba52,0.3747954841174704
ck_4596624a7c01d501,0.25749655666357113
ck_04e89fbd739243fa,0.35527592916545586
ck_6149ffaf18872dc8,0.3289281825345929
ck_cd78f0832a09bd8f,0.96413112274895
ck_7e29c10d781c3b41,0.26818418065350114
ck_1f7ee7b23fc6f2f4,0.17875304910448764
ck_c49b685d2b3ab89a,0.5403765426894106
ck_84569a8fc50e73ac,0.8420201582654521
ck_b92b11d205af91eb,0.15345414805859653
ck_06280e6d6d2485b0,0.144702799315182
ck_3c08546dd0c92863,0.4997478658157251
ck_99d3983f907828bf,0.3388379519203969
ck_eccfd552aa652d3c,0.6749556839675628
ck_0cff8153881875ba,0.7765950110645259
ck_c1aebbeca6ab5ff9,0.5807693114435873
ck_538fdbbb3c2bcbbb,0.769487575145539
ck_8c0210322733c718,0.32513652053521513
ck_0b0c93039f987abc,0.7619461461584669
ck_6d07d6d1bd227d37,0.7975912243810384
ck_9b6ee35e8cd0b11c,0.07119510520154666
ck_d838491d3d4f5ecf,0.20356285362269116
ck_0593ae243a9ebee9,0.5662787094451549
ck_ef261fc09be8eb0b,0.039162937977359424
ck_d0935b571a4a3868,0.5123668098635443
ck_97d04a67a104af39,0.5845536035315476
ck_e25f70d0b7229420,0.40581367260900936
ck_9b71274ff83de482,0.989211179954989
ck_6de2aa2bb60978d3,0.5675914468974639
ck_eda55c8fb47593d7,0.49731539492801324
ck_924e572517515f19,0.896138576586871
ck_d6f27eacbad310f4,0.09222404144550028
ck_8550f229b5eb03ab,0.18268682855678506
ck_e3e95546a84d0ed8,0.7602359943972514
ck_3135c019696ee6af,0.9939508880252104
ck_41ba315d8fccb559,0.40456901174338744
ck_72b86e4485da2d0f,0.9816543083291459
ck_daaa995f3c2f0e47,0.6674816287512417
ck_053746067839696b,0.6441901519442955
ck_a15fe7d0f4b65c33,0.964580954996759
ck_15de11438732bb05,0.3611094405821645
ck_2c4d25acbe3fabd9,0.28769636569409823
ck_7f08078908599bd2,0.8160127590909498
ck_e794741742fb2619,0.755086150377127
ck_238e53b6dee8c301,0.06287884888310613
ck_53a6a33060d5c8b8,0.08344299704740218
ck_0e0919292ad33472,0.9292263467574812
ck_d86ccf148c06c8c8,0.8676218543946805
ck_c881f26c9bf9ae42,0.9154156465898649
ck_4b0947bf94e9d847,0.5651533180051898
ck_e10ff5c38bd18470,0.7002908574976494
ck_b60de9e97aad9e45,0.9355075464971163
ck_190bc849e5ff5401,0.8211411961927577
ck_e7be077aa0b2632c,0.264448054131753
ck_a51abde881ebeff3,0.414080538261305
ck_2208392a9f6bd249,0.7046481973567826
ck_0259da8f109017e9,0.24028867179869562
ck_05e01ab9c95449da,0.7311957053660025
ck_c82897ebffb6ae66,0.36471454965110395
ck_b4a6bb4689cd7cfa,0.6119235273654564
ck_9e21ea33018ce538,0.18372304276672985
ck_caa348f0e65db062,0.9863265523626467
ck_a964e6b5d8415334,0.9474434711753922
ck_510bfbbee37ff436,0.5751898169940376
ck_9741a82faf5c7889,0.5694876293051208
ck_e7f61b4a39ba98ac,0.4609442674902519
ck_069d158665a53909,0.8608961741368155
ck_6426427efe3228af,0.6631880228401359
ck_ab4a8d02ec3c0fd7,0.0019956665558826902
ck_aefa0d8d933e0eca,0.6472758111479127
ck_232325ef6bce92f1,0.7958574315106545
ck_14e58c3fb26a2b4d,0.4947303191372372
ck_06e73afdec26aecc,0.7973705428912871
ck_3168f4f2778d64e1,0.4162194216269961
ck_ff3998d6858daa21,0.028556112215113106
ck_bccff46fb0868454,0.9159559714335965
ck_c7d444d90fa86d7c,0.9349802495693644
ck_f0bc3bdee6bfbb94,0.7204909268304465
ck_f7112818a6d81422,0.9077759585544998
ck_aca35dbcb835ad02,0.8859324986812718
ck_f637fabf0f60528f,0.42375094023681553
ck_53d17ab97de1ac3e,0.21585982985970845
ck_c8c1bf16d9113493,0.44729858759171337
ck_e842fb0cf055a83b,0.8496769105804736
ck_93c0cb3dac4891fe,0.4224267965094123
ck_0c1f088e17e46daf,0.5760179359562733
ck_8f4b384955bf57c9,0.18445019133880852
ck_09cd5c4df1e81ac2,0.9002815055107813
ck_1e832a5b2342554f,0.737935332364797
ck_2cb763a881aee27f,0.07585976331461627
ck_5875828b11406398,0.4446883747939272
ck_48e84b0cb0b90fa7,0.5760179359562733
ck_833688de8629c5c0,0.02200444377862886
ck_117d78ccd5820f36,0.272140772655987
ck_668ec61c4c39cae3,0.1566951782960371
ck_73a7794b659d7a34,0.29520130618796114
ck_10f90d879209734f,0.5900391460943898
ck_d1d079913aa158bf,0.20684147171022968
ck_01c631b38e8a9535,0.5147094007052997
ck_f6923088c17a04e2,0.6121486417598372
ck_b447badc9138987d,0.20905931565370528
ck_8b772caed8f1541c,0.19220765290198882
ck_5403c76fe68a08ba,0.9113775535437594
ck_3e6833574edf1736,0.25906388815593095
ck_e527fbb9450a4581,0.9803362191472578
ck_cc90e219f1ebf390,0.009183197886617294
